GuestID,Name,ContactNumber
202584902,Catherine Parker,07323064773
202526076,Miley Bailey,07390337418
202539128,Chloe Hill,07373426543
202503326,Nicole Craig,07372980708
202474757,Daniel Moore,07383380829
202531440,Max Spencer,07358699183
202531801,Myra Richards,07389780594
202505748,Edith Clark,07331504898
202466512,Brooke Foster,07317671018
202411938,Chloe Cunningham,07346245903
202577442,Brooke Watson,07391045690
202475864,Charlotte Ferguson,07380453581
202557446,Aida Alexander,07360520786
202492304,Sydney Gray,07388981947
202451070,Haris Gray,07363278485
202522390,William Edwards,07359669457
202542747,Richard Fowler,07392248998
202595557,Naomi Myers,07373533857
202462280,James Johnston,07372643796
202418310,Kellan Andrews,07302584463
202590762,Lilianna Montgomery,07376013661
202521700,Lydia Thomas,07311700252
202445960,Samantha Taylor,07306020103
202450484,Abigail Evans,07353963938
202519955,Lenny Hunt,07353909955
202458032,Aston Morrison,07309011022
202476966,Luke Turner,07344261178
202459399,Abraham Montgomery,07373571394
202479645,Jessica Harrison,07371129369
202576052,Alisa Hall,07376524025
202546540,Ashton Ross,07341615189
202561945,Luke Wells,07309102585
202416997,Michael Carter,07325232570
202450903,Antony Holmes,07304273508
202553132,Lenny Carter,07335888736
202413783,Cherry Owens,07347499019
202586485,Charlie Henderson,07351715185
202445384,Edward Hamilton,07371175463
202453284,Jordan Armstrong,07345009034
202433079,Stuart Owens,07357969796
202500402,Jared Hunt,07325729685
202505686,Natalie Wilson,07338498431
202468410,Deanna Wright,07395328395
202589381,Isabella Reed,07312950366
202466076,Lilianna Armstrong,07301431789
202461473,Annabella Ross,07370222029
202477666,Ada Casey,07359789073
202584220,Mary Edwards,07348058148
202564069,Clark Chapman,07390849965
202589864,Tyler Grant,07343184512
202523818,April Edwards,07315040989
202546596,Arthur Robinson,07395435936
202409641,Violet Andrews,07399234282
202524900,James Campbell,07350545520
202513417,Daryl Kelley,07381865041
202560639,Julian Fowler,07362086553
202477526,James Miller,07331136713
202408719,Chester Chapman,07348898245
202404159,Lyndon Casey,07332499154
202405182,Antony Bennett,07378444456
202575154,Sawyer Gibson,07317434016
202487815,Carl Wells,07323568558
202401647,Abigail Bailey,07323139390
202565264,Alberta Smith,07397716800
202564506,Kristian Mitchell,07329547354
202498706,Frederick Martin,07304267684
202490636,Myra Campbell,07380556875
202442500,Reid Scott,07321458606
202501297,Rebecca Harris,07394118636
202559581,Carlos Wright,07377604297
202420151,Ned Murphy,07330928158
202446686,Victor Henderson,07364419830
202486066,Edith Chapman,07349422759
202437276,Ashton Spencer,07320383277
202546785,Sawyer Fowler,07311018883
202504564,Michelle Cunningham,07317081798
202491908,Aiden Crawford,07380192126
202585619,Albert Richards,07333843339
202406832,Edward Cunningham,07304915182
202511670,Leonardo Ryan,07398515145
202565664,Reid Nelson,07300152735
202472289,Fenton Williams,07348858761
202411023,Isabella Payne,07369965272
202456994,Joyce Taylor,07350377290
202411151,Walter Taylor,07362198214
202581970,Reid Johnson,07357342239
202583117,Aiden Ross,07325024177
202587786,Miller Myers,07333509269
202461612,Brad Allen,07388093467
202523705,Jack Farrell,07335313890
202520886,Andrew Morris,07390270713
202581428,Martin Williams,07391246660
202570791,Violet Harris,07397167377
202486613,Naomi Alexander,07371640501
202555464,Elise Clark,07392163577
202465657,Sawyer Montgomery,07368080214
202439335,John Allen,07333391981
202468510,Olivia Perkins,07317445979
202415559,Julia Perry,07311599678
202410319,Edith Moore,07363195547
202568005,April Cunningham,07305692021
202516390,Antony Brown,07301916114
202446240,Jessica Payne,07333458140
202521619,Arthur Gray,07332533362
202511490,Sabrina Andrews,07367055607
202460208,Kristian Carroll,07328488846
202561133,Rebecca Baker,07338142590
202576760,Penelope Walker,07329734484
202592467,Paige Bailey,07323459398
202587481,Mary Phillips,07341270766
202552167,Adam Russell,07369571773
202595535,Miley Barnes,07356938938
202541114,Elise Barnes,07335792017
202598686,Jasmine Johnson,07360760440
202464522,Jack Taylor,07327742145
202415502,Rosie Williams,07349858783
202548011,Agata Craig,07345116973
202503574,Tony Gray,07320853781
202464626,Darcy Clark,07385137520
202507458,Nicole Cunningham,07335511306
202428055,Alexia Andrews,07325742470
202584397,Jared Nelson,07361660559
202493749,Maximilian Casey,07345938883
202570264,Kelvin Carter,07302962157
202453935,Edith Williams,07321386001
202499135,Tony Craig,07389308821
202436144,Arnold Ferguson,07351032724
202567650,Belinda Andrews,07360029599
202490797,Andrew Parker,07357753558
202428278,Miley Wilson,07324467009
202551422,Justin Nelson,07374618436
202532958,Alina Wells,07334432808
202571412,Stuart Kelley,07388067298
202490056,Steven Cameron,07393656979
202432844,Carlos Sullivan,07350779157
202506381,Connie Cole,07352892092
202409127,Jasmine Jones,07369907875
202423889,Grace Campbell,07307980558
202505700,Jordan Elliott,07365570044
202404220,Martin Adams,07377691397
202412738,Michael Roberts,07368297715
202407268,Lucia Myers,07350174516
202451239,Richard Hamilton,07361051929
202481769,David Higgins,07320354104
202582869,Isabella Casey,07399277897
202579090,Frederick Douglas,07374111745
202553074,Chester West,07355942524
202442333,Kristian Barnes,07376150020
202565026,April Richards,07391681538
202472897,Connie Fowler,07369110198
202466624,Chelsea Johnston,07359470993
202574989,Eddy Carroll,07327480427
202566833,Aston Martin,07360381084
202450162,Rafael Morris,07333994767
202516659,Isabella Craig,07356812423
202588054,Savana Cooper,07371472141
202587154,Alan Bailey,07308430106
202581345,Evelyn Perry,07311336924
202462331,Hailey Ross,07306345641
202409731,Adele West,07348786050
202467571,Max Morgan,07373548996
202505690,William Mitchell,07351370699
202520969,Lana Montgomery,07354372524
202509570,Savana Casey,07301547504
202528859,Stella Phillips,07376788586
202558622,Abraham West,07349612686
202520506,Alford Hamilton,07386484151
202509721,Camila Rogers,07378741072
202560552,Jenna Watson,07356411748
202463713,Caroline Hawkins,07336997529
202466228,Adrianna Perry,07349461978
202498567,Alina Adams,07353393592
202499507,Maddie Wells,07308342618
202454630,Alina Phillips,07334860723
202421052,Melissa Clark,07306280170
202494104,Vanessa Smith,07315384233
202550848,Daisy Murphy,07323767708
202505625,Anna Hamilton,07342054421
202452397,Sienna Smith,07324857080
202453721,Lucas Gray,07381735489
202510262,Vincent Cooper,07319817240
202483416,Kimberly Hamilton,07352441586
202487756,Catherine Lloyd,07356998707
202525583,Clark Barnes,07322250406
202501377,Kelvin Anderson,07336555667
202488460,Eddy Harper,07368042806
202549886,Adrianna Armstrong,07325359820
202428109,Robert Cameron,07352945518
202473146,Ned Robinson,07302790836
202585310,Stella Thomas,07319148928
202447506,Victoria Johnston,07326726895
202554534,Edward Thompson,07315129777
202520167,Stella Wells,07333947042
202513131,Chloe Cameron,07318755860
202474442,Edward Brown,07338192448
202504893,Clark Warren,07306646796
202445318,Alexander Higgins,07323622494
202560216,Adrian Turner,07374952250
202468843,Cherry Fowler,07304917959
202445496,Grace Morrison,07374532659
202472018,Michelle Riley,07378454424
202413945,Violet Scott,07359498413
202404887,Hailey Andrews,07387107029
202457866,Alissa Spencer,07366647194
202502406,Carl Mason,07349498979
202530463,Fenton Hunt,07332358434
202588095,Bruce Davis,07378966237
202460124,Maria Moore,07385253917
202435558,Vanessa Roberts,07324445419
202556166,Ted Baker,07342951985
202500831,Martin Mason,07341646972
202493357,Melissa Harris,07366988949
202410753,Victoria West,07382717214
202428508,Caroline Grant,07356883689
202456462,Alissa Ferguson,07377574115
202589292,April Casey,07393805231
202518386,Naomi Chapman,07389017316
202493441,George Rogers,07318654742
202533684,Wilson Bailey,07338628630
202466260,Dainton Reed,07323133602
202545916,Rosie Watson,07309381016
202464038,Fiona Payne,07389388320
202464122,Adrianna Wells,07329343394
202566439,Eddy Fowler,07363112281
202468595,Stella Riley,07385210450
202407851,Amelia Ellis,07312078008
202548526,Alissa Davis,07353525316
202400457,Madaline Cunningham,07360327548
202560919,Abigail Mason,07386464316
202472377,Antony Harrison,07393432201
202582105,Kirsten Parker,07310084853
202508350,Jordan Kelley,07396755971
202471215,Lucia Thompson,07329298825
202599930,Derek Henderson,07397818108
202498857,Lyndon Murphy,07348044572
202532366,Charlie Clark,07324993519
202405442,Alford Carroll,07375618107
202405216,Alford Richardson,07388342006
202449902,Briony Hunt,07372757434
202554278,Fenton Grant,07372918186
202441281,Rosie Campbell,07328968166
202503239,Aida Richardson,07300774325
202400570,Samantha Hill,07347193401
202443842,Rosie Morris,07387198820
202488514,Michael Barnes,07318971700
202564348,Natalie Barnes,07395292548
202596459,Isabella Foster,07319371538
202420768,Daryl Barrett,07392772630
202587220,Owen Barrett,07369693036
202413872,Adelaide Nelson,07356489417
202415174,Victor Morgan,07330854639
202519404,Chester Phillips,07389950762
202415044,Hailey Parker,07335745032
202451822,Stuart Campbell,07398513720
202584449,Brad Carroll,07301850520
202483852,Paul Richardson,07356739957
202530643,Henry Robinson,07356228582
202504838,Aldus Payne,07317291793
202583914,Samantha Lloyd,07366581568
202489078,Olivia Watson,07353832766
202400647,Eddy Stevens,07389252051
202483251,Haris Warren,07320061264
202494028,Michelle Watson,07387621225
202417532,Caroline Ferguson,07399251517
202513589,Aida Thomas,07377143849
202474110,Kellan Montgomery,07373457805
202574794,Haris Andrews,07378198218
202454943,Justin Higgins,07322237395
202536258,Miranda Wright,07347775559
202478050,Alexia Gray,07363931270
202541102,Julia Campbell,07353741325
202484257,Ted Barrett,07396005537
202576441,Rebecca Phillips,07387622979
202423237,Alberta West,07368300092
202488058,Annabella Casey,07382221705
202451249,Victoria Mitchell,07362196836
202469811,Honey Scott,07350663941
202401284,James Stevens,07332454606
202441566,Fenton Higgins,07390500812
202575282,Camila Douglas,07313955755
202414529,Steven Wells,07342800570
202582602,Sawyer Foster,07393299446
202498516,Clark Ellis,07313120217
202541551,Harold Ellis,07353163855
202450549,Andrew Ryan,07334107249
202461066,James Phillips,07383581577
202445533,Maddie Hall,07301720794
202546964,Fenton Henderson,07339369771
202474191,Chloe Edwards,07361532640
202491645,James Bailey,07394196258
202448951,Amelia Hunt,07314442154
202574819,Justin Kelly,07323099388
202474253,Alan Reed,07325428275
202563804,Michelle Grant,07306682444
202531804,Adelaide Thomas,07361349454
202543175,Lucas Morgan,07377748992
202528119,April Thompson,07365301926
202518370,Haris Chapman,07306795635
202586871,Honey Russell,07382833118
202475565,Miley Cameron,07388044135
202400949,Michelle Richards,07378283923
202432508,Florrie Higgins,07362008932
202510213,Samantha Robinson,07390393275
202490337,Isabella Cameron,07358960859
202565809,Natalie Ferguson,07321811056
202482441,Eddy Watson,07357338123
202590594,Cherry Hamilton,07358521635
202515339,Alberta Holmes,07306909582
202519867,Isabella Fowler,07396998160
202518300,Edward Bennett,07317269447
202587105,Adam Gibson,07327202883
202541379,Arnold Edwards,07369128372
202573515,Oscar Rogers,07371365735
202506809,James Lloyd,07382914782
202518773,Sawyer Bailey,07317716242
202544854,Kate Davis,07396448719
202491581,Heather Robinson,07368411994
202571558,Dominik Parker,07313758248
202449279,Julia Sullivan,07395051030
202519796,Lana Ryan,07384906796
202550105,Alberta Douglas,07352852208
202445681,Byron Wright,07372076422
202413951,Blake Gray,07321260299
202430583,Byron Payne,07351206169
202462918,Adele Hunt,07396046110
202583234,Heather Clark,07380190354
202467776,Victor Bennett,07328492301
202585270,Maya Armstrong,07317737507
202470391,Briony Armstrong,07335919822
202510799,Tara Carter,07395226620
202502363,Rubie Grant,07361091033
202427855,Madaline Campbell,07310575106
202511708,Oscar Cunningham,07394002721
202465415,Lyndon Williams,07394303532
202599830,Ashton Moore,07371028401
202515337,Edith Casey,07322194171
202400190,Ellia Baker,07307968020
202466130,Tony Rogers,07322774398
202544780,Rebecca Murphy,07374165021
202511579,Arianna Tucker,07371341113
202523590,Garry Cole,07303135440
202507132,Ryan Williams,07396471642
202498524,Ryan Davis,07332417276
202560205,Michael Harris,07350514353
202437084,Brooke Gibson,07339138761
202425525,Briony West,07380488210
202486926,Fiona Howard,07396971232
202486511,Lyndon Carter,07321940009
202512719,Agata Ferguson,07352802259
202582015,Marcus Stevens,07310261629
202415954,Lyndon Thompson,07391109021
202587771,Alford Phillips,07358199809
202439034,Arnold Montgomery,07332502405
202456460,Lydia Martin,07307100790
202579611,Abigail Perry,07374007330
202411510,George Cooper,07386875307
202460654,Eddy Russell,07303882423
202426966,William Richards,07328719262
202462566,Edith Perkins,07304437330
202518552,James Myers,07358108068
202467111,Blake Cameron,07347819168
202429032,Alexia Craig,07345057460
202487011,Edgar Clark,07340952194
202518694,Annabella Perkins,07311879175
202428004,Andrew Barrett,07386489089
202533169,Brad Payne,07315115595
202435413,Lucy Armstrong,07370500620
202404595,Frederick Johnston,07349882527
202586725,Alberta Allen,07330541397
202441450,Nicole Stewart,07380452108
202599090,Edith Evans,07343730127
202554052,Justin Ross,07328851311
202436293,Ada Edwards,07399721353
202499241,Mary Johnston,07364290877
202428401,Chelsea Carter,07315665215
202437274,Sam Adams,07359528204
202400704,Hailey Stewart,07363036298
202563912,Luke Russell,07325631208
202526695,Jacob Riley,07363804131
202413504,Aiden Thomas,07360372846
202540029,Alisa Harper,07355208577
202596143,Chelsea Kelly,07345069509
202450486,Brad Fowler,07352144377
202429056,Gianna Casey,07386221372
202562558,Myra West,07329331456
202450118,Ryan Ryan,07338117770
202446914,Alen West,07302206709
202498065,Blake Parker,07304212103
202568789,Aldus Cooper,07388290374
202427536,Kirsten West,07342524017
202599569,Ryan Stevens,07368090041
202569907,Isabella Riley,07347681242
202439434,Edgar Davis,07325219226
202407174,Abigail Riley,07312527936
202599583,Arthur Kelly,07346660962
202420257,Lucas Crawford,07361039819
202574717,Reid Lloyd,07352649420
202409172,Savana Perkins,07310642067
202506341,Oscar Campbell,07327750309
202574718,Adrianna Adams,07372231096
202521437,Rubie Dixon,07367359621
202572967,Lilianna Martin,07323782032
202404176,Aida Kelley,07359062950
202529312,Daniel Barrett,07335492664
202491388,Tess Myers,07368332600
202507058,Arianna Gibson,07329746752
202523929,Jasmine Wilson,07359762148
202554305,Carlos Martin,07359520729
202585811,Ryan Bailey,07306897033
202469321,Alexia Murphy,07377026910
202408242,Rafael Mitchell,07351342287
202533539,Marcus Wells,07361427491
202504556,Elise Wright,07393549510
202584689,Lyndon Edwards,07322790672
202526728,Oscar Jones,07386973827
202454627,Tara Allen,07357842177
202509143,Steven Cooper,07398082945
202545822,Max Perkins,07322170965
202590145,Leonardo Craig,07338217715
202588729,Deanna Barrett,07394957898
202575189,Stella Farrell,07333059960
202491402,Byron Murphy,07336739250
202403710,Alina Anderson,07364031814
202578548,Alissa Perkins,07382785556
202499095,John Campbell,07393861119
202515562,Deanna Anderson,07329572333
202456457,Miranda Thomas,07398984675
202475132,Arthur Alexander,07327603952
202415156,Jessica Grant,07341840137
202410068,Alisa Hawkins,07363385065
202489706,Kevin Lloyd,07357462460
202456094,Elian Wells,07372653578
202459114,April Perry,07365093576
202474179,Thomas Johnston,07345729910
202472814,Abigail Gibson,07360680915
202598725,Melissa Mitchell,07327601618
202457042,Dale Brooks,07394624746
202402084,Walter Wells,07357157903
202439143,Sienna Stewart,07317925462
202475165,Walter Howard,07361001851
202499517,Savana Myers,07354426866
202563198,Martin Casey,07374093610
202448170,Cherry Dixon,07355971030
202516343,Edwin Wells,07327045240
202542441,Lucia Barnes,07396679072
202519019,Audrey Gray,07325436243
202511446,Arianna Dixon,07336957717
202535124,Henry Ryan,07364052072
202555055,Alford Moore,07351769978
202437899,Chelsea Dixon,07310612470
202533794,Owen Moore,07341253649
202526108,Anna Smith,07306718714
202519438,Darcy Higgins,07369040496
202504864,Adison Lloyd,07341413538
202481656,Cadie Gibson,07392380758
202434809,Alen Bailey,07315443714
202451166,Sabrina Craig,07308439762
202527140,Nicholas Ryan,07332697978
202577020,Amelia Harrison,07324386785
202534770,Lucia Casey,07328588069
202476655,Henry Thomas,07395483327
202484418,Edward Kelly,07311332427
202413556,Melissa Murray,07379900663
202421937,Ryan Johnston,07399606532
202515840,Dexter Perkins,07358888389
202527932,Kelsey Hall,07310087534
202480385,Alissa Baker,07354502753
202418692,Vanessa Murphy,07381951340
202422003,Marcus Hill,07364378274
202485402,Darcy Moore,07373948668
202545276,Leonardo Thomas,07352529451
202492443,Lana Thomas,07321222031
202483874,Aiden Brown,07385194559
202416081,Stuart Hunt,07353435997
202589834,Connie Farrell,07324049833
202415896,Derek Kelly,07331111383
202469041,Max Richardson,07394474431
202599004,Alford Kelly,07360438755
202584823,Charlie Anderson,07361269788
202586973,Albert Mason,07344552282
202580350,Kirsten Roberts,07340548957
202520573,Emily Cole,07332606558
202523061,Harold Tucker,07311335634
202416660,Eddy Kelley,07393528337
202401759,Caroline Reed,07318724251
202481955,Maddie Allen,07354672498
202507309,James Wells,07379756014
202407258,Cadie Harrison,07360877095
202407219,Albert Riley,07342717016
202468063,Rosie Allen,07351477847
202436112,Vincent Perkins,07398368446
202501092,Kelsey Anderson,07394686141
202575385,Rosie Harper,07330314475
202521215,Fenton Farrell,07341413360
202556128,Amelia Ross,07398456005
202418016,Carl Barnes,07301833312
202487446,Miranda Grant,07394735361
202438095,Owen Thompson,07314875834
202490605,Olivia Barnes,07358991539
202485298,Dexter Sullivan,07378445476
202557120,Kelsey Chapman,07320757591
202576748,Derek Harris,07326560608
202532557,Amelia Elliott,07379840430
202437935,Nicholas Wilson,07363214893
202481893,Heather Williams,07369216069
202536949,Carl Hawkins,07308012308
202562584,Brianna Barnes,07313984962
202593027,Lily Craig,07371958006
202540112,Frederick Nelson,07369591133
202478629,Lucy Johnston,07360008688
202591047,Michelle Warren,07380622616
202523453,Caroline Foster,07306050408
202452917,Chloe Mason,07323153787
202469008,Myra Payne,07367834063
202402785,Rafael Bennett,07343818120
202526379,Richard Holmes,07379158430
202466879,Rebecca Turner,07303756760
202556288,Brad Lloyd,07326153819
202447775,Maria Owens,07303604969
202438866,Carlos Spencer,07304539072
202598595,Vivian Clark,07332879957
202404110,Edith Tucker,07349309794
202472925,Miller Barrett,07384989527
202534017,Agata Wilson,07319422757
202573080,Gianna Russell,07306418723
202469463,Steven Chapman,07319922675
202488311,Daisy Barrett,07395817869
202567813,Kelsey Williams,07389790645
202569223,Brianna Kelly,07321658094
202443713,William Nelson,07331467042
202526667,Madaline Foster,07359951052
202416515,Maddie Ferguson,07303256007
202593175,Amy Hunt,07342642803
202411487,Melanie Henderson,07377049955
202525108,Rubie Alexander,07303454915
202458838,Dominik Alexander,07398101338
202564399,Lana Craig,07374117465
202488558,Alissa Russell,07342110693
202432130,David Davis,07396591755
202413563,Melissa Walker,07301732095
202550446,Daniel Cunningham,07315619824
202490730,Aida Elliott,07313147940
202440611,Spike Barrett,07309943817
202456039,Blake Casey,07350114424
202450298,Emma Martin,07338410164
202499199,Paul Henderson,07351613869
202423011,Alissa Crawford,07304623352
202565833,Agata Murphy,07316363127
202503161,Florrie Carter,07328342858
202562626,Albert Hill,07303457454
202520211,Lucy Clark,07303459196
202425541,Kelvin Lloyd,07380223235
202422717,Jacob Stewart,07379922541
202495556,Martin Wilson,07318220263
202541555,Miranda Morris,07377739182
202409620,Camila Carroll,07387428748
202536456,Connie Edwards,07353282036
202583703,Sophia Hawkins,07343500113
202475468,Fiona Harris,07373414410
202455095,Adrian Johnson,07311653905
202407572,Mike Warren,07388825720
202472000,Tony Cole,07310745994
202441544,Thomas Barnes,07316569091
202468410,Deanna Wright,07395328395
202577843,Patrick Hunt,07350148069
202551940,Daisy Stewart,07328511043
202454606,Jared Moore,07337487234
202490381,Sydney Casey,07392675266
202536908,Carlos Evans,07364231880
202463205,Arianna Wells,07308236465
202469691,Edgar Morrison,07372919511
202521221,Fiona Stevens,07393673548
202593856,Roman Clark,07309152324
202430873,Maria Douglas,07371909930
202425195,Freddie Hunt,07300390234
202561442,George Russell,07315085604
202567396,Elian Morrison,07370866730
202408145,Mike Hill,07339323432
202472793,Frederick Rogers,07356539729
202585982,Carina Turner,07300118334
202428599,Kristian Johnson,07308678293
202495017,Penelope Wells,07332823842
202482523,Ellia Mason,07353694641
202525702,Garry Carroll,07309054097
202466395,James Clark,07368384218
202403882,Vanessa Holmes,07388320415
202564964,Violet Cooper,07391428319
202568185,Lucas Phillips,07358728137
202575454,Ryan Kelley,07382052129
202483613,Lucas Parker,07348391703
202508242,Evelyn Walker,07321168493
202574256,Roland Harris,07316938123
202406769,Fiona Clark,07310491007
202437679,Camila Hunt,07367471903
202450930,Tara Henderson,07385187652
202568109,Miller Ryan,07300884664
202550981,April Clark,07310346894
202555621,Brianna Bailey,07395841151
202581884,Lyndon Mitchell,07346975487
202432485,Alina Jones,07375022074
202459406,Maria Parker,07313012544
202522855,Vivian Henderson,07391928698
202515431,Florrie Adams,07399710649
202593476,Ned Rogers,07350997547
202403177,Victor Andrews,07367517323
202425731,Agata Ryan,07395713760
202466561,Paul Campbell,07324192399
202452332,Cherry Barrett,07302086778
202596721,Martin Ferguson,07343931412
202593599,Maximilian Scott,07382376659
202441217,Jordan Murphy,07306594543
202422249,Roman Anderson,07301025543
202523755,George Watson,07374700505
202521785,Ada Russell,07355088009
202438883,Harold Wells,07391092320
202462759,Walter Carter,07307318566
202576819,Amelia Owens,07302846650
202546425,Grace Phillips,07325924602
202570896,Maya Evans,07389497107
202540127,David Andrews,07352709060
202533134,Naomi Murray,07361639707
202503866,Alfred Hawkins,07335932707
202598651,Kristian Kelly,07377895318
202407514,Ryan Warren,07321913314
202583048,Tess Phillips,07324052053
202432940,Dainton Richardson,07302403590
202565453,Alina Taylor,07354131592
202436395,Caroline Morris,07356107976
202403078,Amber Cameron,07301848597
202502993,Jessica Tucker,07314060042
202407832,Rafael Mason,07383697572
202595286,Daisy Holmes,07369241919
202570070,Abraham Hill,07320937523
202503544,Kelvin Kelly,07361602563
202567505,Edgar Brooks,07343101597
202498553,Emily Allen,07379913111
202458633,Julian Perkins,07324624219
202547252,Vincent Crawford,07326756643
202539656,Roman Murphy,07391745070
202448433,Lana Walker,07303380024
202404295,Ellia Riley,07308880393
202561104,Justin Montgomery,07356347219
202489380,Henry Brooks,07344982780
202594834,Tyler Mitchell,07363711267
202474627,Sam Davis,07399883903
202449349,Carlos Murphy,07364333261
202406533,Tony Ross,07365743001
202593617,Victor Wilson,07311070575
202476095,Adrian Ryan,07338158885
202494294,Alexia Baker,07381686457
202594078,Ellia Sullivan,07323127924
202571524,April Montgomery,07366766095
202543458,Kristian Harris,07334904817
202570062,Jessica Martin,07304324064
202441466,Tony Ellis,07370389384
202571737,Luke Mitchell,07354475834
202574449,Julia Murphy,07391415219
202501653,Joyce Cole,07316572300
202594340,Lucia Murphy,07305205634
202568329,Andrew Spencer,07399704483
202517642,Amanda Fowler,07300256394
202594330,Roland Williams,07305486343
202434599,Brianna Davis,07396651523
202543017,Lucia Elliott,07326958492
202432080,Audrey Wells,07316514109
202539676,Melanie Stevens,07394290895
202542587,William Craig,07300239834
202555646,Sophia Cole,07348989885
202421131,Derek Jones,07323884997
202448879,Audrey Fowler,07364598858
202540962,Justin Davis,07320447052
202418554,Adam Clark,07368468556
202486162,Deanna Higgins,07351549664
202485719,Rafael Lloyd,07371275235
202554701,Amanda Murphy,07347119966
202518984,Aldus Bennett,07303988485
202560742,Jared Perry,07320890603
202534685,Julia Chapman,07387928947
202423850,Jordan Cunningham,07361101115
202408508,Sawyer Watson,07305044453
202432001,Fiona Murphy,07310014020
202482873,Isabella Carter,07379187178
202588574,Garry Wells,07339988709
202445214,Rosie Tucker,07388588789
202532017,Hailey Higgins,07346842204
202570768,Preston Ellis,07395803004
202568622,Luke Bailey,07342654225
202401134,Rubie Wright,07323680848
202564881,Catherine Douglas,07379140672
202406486,Dominik Craig,07354725126
202491717,Kelvin West,07338229763
202529813,Dominik Richardson,07344278410
202451725,Maya Harrison,07304326824
202463057,Tess Perry,07320895377
202554069,Amanda Campbell,07302162748
202515755,Richard Morrison,07397288834
202524156,Albert Cooper,07380509955
202545736,Preston Scott,07383065225
202547316,Nicholas Cunningham,07307752078
202454422,Adelaide Myers,07314378994
202522257,Cherry Stewart,07308269144
202462261,Rebecca Anderson,07309604376
202484772,Florrie Stewart,07333702106
202431172,Alfred Cameron,07344824098
202561850,Honey Riley,07300118236
202527260,Amy West,07373328895
202578115,Nicole Gray,07340294310
202511650,Deanna Warren,07360604733
202563817,Amy Higgins,07315421512
202499216,Arnold Richards,07376001692
202430365,Daniel Bailey,07379246765
202429947,Arnold Johnston,07366003604
202578639,Andrew Owens,07385008703
202586779,Dale Hall,07329881262
202552864,Daniel West,07331965544
202532172,Tyler Farrell,07339949007
202471895,Lucas Cunningham,07349575402
202493383,Stella Murray,07317362246
202467012,Aldus Murray,07335698305
202439530,Rafael Cunningham,07390610810
202425146,Sabrina Richardson,07317697857
202571655,Stuart Stewart,07338769646
202522065,Brooke Morrison,07335364200
202428791,Leonardo Hall,07334941668
202592363,Dainton Campbell,07382083723
202442263,Alisa Roberts,07313950796
202522180,Camila Hall,07300005183
202457523,Ned Harrison,07360888217
202461166,Daniel Warren,07309242012
202482791,Jacob Thomas,07334288107
202424843,Antony Watson,07384515310
202439206,Arnold Baker,07393179576
202443399,Alina Lloyd,07361345961
202489502,Tiana Chapman,07309571092
202450951,Maximilian Wilson,07382760423
202485297,Spike Parker,07364847696
202560460,Evelyn Foster,07356780151
202596340,Fiona Warren,07343468667
202582480,Blake Ross,07333895788
202572749,Honey Lloyd,07366785227
202577762,Melanie Anderson,07309039116
202426622,Elise Scott,07399240727
202526733,Alissa Bennett,07376046614
202482863,Maya Cunningham,07315923198
202561200,Sabrina Kelley,07390815896
202559864,Vincent Robinson,07309087381
202550552,Rosie Dixon,07300579321
202583815,Alan Ryan,07314494561
202446774,Lucas Mitchell,07357737215
202527542,Kate Hunt,07363040842
202584012,Isabella Roberts,07399906436
202555352,Florrie Smith,07335636411
202564511,Miranda West,07305560843
202584601,Dominik Morris,07371142979
202524473,Honey Warren,07394217813
202570054,Lenny Wright,07348637169
202556632,Adam West,07315750958
202479475,Kelvin Walker,07338610885
202595354,Anna Brooks,07358305155
202502638,Eleanor Tucker,07364133542
202455054,Dominik Harper,07342059045
202565842,Mike Campbell,07396842752
202490312,Vanessa Ross,07381469798
202500546,Amber Cooper,07399049506
202421658,George Thomas,07396908824
202540664,Michelle Payne,07322469271
202449926,Julia Crawford,07334480974
202574819,Justin Kelly,07323099388
202521862,Amelia Walker,07373520947
202534473,Valeria Brooks,07307638605
202476086,Albert Wilson,07319234288
202597528,Alexia Rogers,07361505380
202570502,Hailey Payne,07387715558
202450071,Oliver Dixon,07318864773
202561222,Nicole Carroll,07349113531
202535409,Michelle Casey,07351159353
202466140,Chloe Lloyd,07366845179
202528343,Blake Mitchell,07338160263
202483904,Miranda Stewart,07349757841
202580530,Elise Morrison,07343548891
202544037,Eleanor Armstrong,07386790791
202473363,Lucia Kelley,07340280453
202453243,Aston Dixon,07307347274
202553047,Fiona Taylor,07377705748
202525296,Chelsea Barnes,07315039847
202526349,Leonardo Henderson,07349052859
202458316,Violet Johnston,07322464758
202476864,Ada Jones,07378667394
202478703,Melissa Campbell,07380890021
202448400,Vanessa Perry,07305383414
202590280,Adele Clark,07386429170
202588240,Arianna Gray,07340556088
202495268,Dainton Chapman,07376818471
202471877,Eddy Hunt,07356355072
202502022,Alexia Nelson,07351293433
202527154,Blake Campbell,07341779873
202598751,Julia Gray,07318576956
202586143,Wilson Wells,07325741139
202582145,Paige Jones,07308946947
202523728,Dainton Barnes,07313381806
202571878,Amber Russell,07318543499
202564390,Sophia Gray,07374714735
202528128,Clark Allen,07310629055
202571092,Carina Foster,07398328221
202512940,Oliver Andrews,07385434173
202591053,Alberta Bennett,07382243372
202516483,Kristian Cunningham,07311716322
202562508,Amanda Smith,07362561583
202415324,Adison Miller,07337247095
202450692,Florrie Wilson,07369148672
202541639,Tyler Morrison,07393640774
202433409,Dale Holmes,07335840276
202504994,Marcus Walker,07397249510
202406430,Sarah Crawford,07322301529
202509375,Derek Dixon,07323918614
202436350,Alissa Holmes,07395457230
202531014,Richard Brooks,07303142270
202578316,Samantha Bailey,07363406783
202572421,Bruce Johnston,07341592733
202571190,Paige Harrison,07383439497
202588397,Kate Ferguson,07316926670
202550258,Reid Jones,07376283157
202416664,Tony Farrell,07343984645
202514447,Maximilian Ellis,07319101495
202450577,James Jones,07398259460
202552197,Maria Ellis,07396931636
202516158,Preston Cameron,07388944069
202540315,Freddie Cooper,07392063631
202493296,Naomi Mason,07376770183
202511753,Antony Gibson,07370498931
202575940,Rafael Barrett,07307389437
202444814,Vanessa Richardson,07319691580
202481457,Miley Ryan,07359179716
202561957,Mike Morris,07372728219
202482219,Valeria Thompson,07326058097
202557418,Edward Cooper,07384721486
202571277,Miller Davis,07389995106
202446382,Joyce Cunningham,07328440532
202400636,Julia Bennett,07305166465
202558360,Michael Mitchell,07318455433
202527577,Kate Brown,07309736585
202580487,Max Holmes,07378525437
202522750,Miranda Henderson,07313489747
202551098,Edith Cole,07343689401
202511381,Roland Grant,07390487087
202547650,Harold Roberts,07328099019
202539328,Myra Carter,07385358156
202417648,Kate Turner,07356322878
202564094,Sydney Spencer,07323696679
202547989,Brooke Perry,07350983197
202515963,Connie Warren,07380676925
202483508,Jordan Mitchell,07308492589
202501452,Lily Harris,07309501026
202407828,Thomas Edwards,07391087767
202405294,Edwin Mitchell,07303744354
202560308,Briony Walker,07352889453
202569442,Natalie Bailey,07359743259
202443251,Bruce Myers,07308079232
202427956,Sofia Wright,07329980852
202404531,James Edwards,07382483325
202576069,Garry Kelley,07300817657
202449533,Amelia Bennett,07303931668
202499226,Frederick Alexander,07338148751
202559394,Bruce Alexander,07350033027
202477072,Gianna Harrison,07382321775
202459528,Jordan Hill,07375022282
202485672,Sienna Brooks,07398389856
202534807,Carl Gray,07374908912
202480896,Charlotte Stevens,07305126420
202519913,Lenny Cameron,07321556312
202501000,Maddie Morrison,07377551602
202428246,Albert Douglas,07391736696
202410197,Chester Alexander,07304741543
202495057,Violet Rogers,07342740886
202528327,Arianna Scott,07320487112
202425855,Olivia Mitchell,07307480632
202596282,Kellan Lloyd,07383662589
202504690,Valeria Parker,07328844537
202569387,Dale Richards,07321433115
202593405,Freddie Stevens,07315987383
202410673,Charlie Turner,07345951610
202564962,Michelle Smith,07361776931
202402369,Wilson Davis,07358213416
202432844,Carlos Sullivan,07350779157
202406899,Alan Russell,07303556996
202499283,Carlos Crawford,07354811364
202477512,Florrie Thomas,07391182196
202439917,Jenna Hall,07300650594
202556322,Jordan Moore,07349970813
202446325,Ada Thompson,07346319918
202561542,Carina Ryan,07322690340
202408281,Alen Adams,07367043153
202575239,Kate Lloyd,07372671025
202469320,Florrie Richardson,07367004233
202553884,Madaline Bennett,07353613056
202546691,Nicholas Wells,07318618234
202547631,Cadie Cameron,07371466354
202461508,Alen Johnston,07348482534
202542320,Leonardo Morris,07319466240
202451284,Lucia Wilson,07365783085
202547667,Tara Harrison,07349055931
202493302,Carlos Hunt,07379797918
202492284,Cadie Owens,07386059083
202403882,Vanessa Holmes,07388320415
202565079,Dainton Allen,07306596979
202572447,Brianna Fowler,07311053009
202455788,Walter Hall,07340720298
202443389,Jenna Evans,07392830589
202433933,Catherine Ross,07378711484
202512724,Arnold Parker,07399708786
202548058,Marcus Higgins,07351663100
202482858,Carlos Armstrong,07383808566
202542432,Violet Payne,07324321901
202497614,Ellia Reed,07364186915
202565818,Carina Crawford,07338384210
202559283,Edwin Andrews,07317732064
202419903,William Tucker,07311520726
202514879,Michelle Stewart,07396920956
202479742,Audrey Gibson,07350848759
202400449,Edwin Hawkins,07314397841
202587255,Carl Carroll,07309747769
202598248,Eddy Montgomery,07395102859
202514248,William Perkins,07303042638
202414221,Henry Gray,07383966645
202444373,William Chapman,07338499478
202405737,Vanessa Elliott,07311746749
202559918,Adele Stewart,07373330102
202502417,Preston Campbell,07373819174
202487547,Miller Hunt,07370726769
202492219,Rubie Scott,07315218589
202475116,Brooke Alexander,07314307784
202416055,Stuart Morgan,07307431671
202469355,Olivia Thompson,07339454443
202579074,Kimberly Ross,07389640096
202514458,Chelsea Brown,07382312243
202470971,Blake Nelson,07390432294
202559938,Victor West,07343033401
202450596,Vanessa Barrett,07313117655
202402091,Belinda Scott,07321302897
202466084,Grace Casey,07315692117
202521007,Jacob Dixon,07304312819
202479528,Anna Campbell,07359536160
202456457,Miranda Thomas,07398984675
202435992,Naomi Craig,07365558172
202569734,Alina Dixon,07373938251
202599699,Vivian Reed,07370977703
202528177,Lily Gibson,07313827982
202565660,Sabrina West,07359963508
202498974,Vivian Montgomery,07314720174
202597291,Valeria Tucker,07387260583
202502017,Sarah Dixon,07368378639
202568101,Gianna Craig,07335285335
202450763,Vivian Williams,07326744853
202515334,Antony Taylor,07357930677
202575099,Eric Wilson,07313324627
202514253,Chloe Alexander,07307133543
202539740,Lucy Edwards,07397165904
202590174,Edgar Farrell,07357162882
202441012,Daniel Montgomery,07305169540
202560608,Natalie Stevens,07314580039
202541802,Amy Murray,07337546548
202496492,Mary Payne,07330850517
202538663,Nicholas Grant,07359682342
202502942,Alen Wells,07301368726
202409631,Adelaide Evans,07301835301
202495618,Alford Dixon,07366266904
202513749,Derek Cooper,07339041268
202571647,Vanessa Hill,07337161390
202553140,Kellan Walker,07387176042
202451466,Sofia Thomas,07322923205
202404015,Tara Williams,07300418855
202466068,Adison Evans,07357228250
202493013,Edward Myers,07389142296
202433601,Madaline Morgan,07366994746
202456953,Honey Smith,07380572855
202589941,Jack Turner,07316556464
202441273,Tony Watson,07350904846
202479069,Tara Hill,07332093019
202564319,Vivian Armstrong,07393192296
202484733,Jenna Nelson,07359461517
202499254,Walter Henderson,07300482799
202469849,Alen Riley,07315170269
202558606,Kelsey Gibson,07324665050
202464230,Clark Kelley,07340918106
202532455,Isabella Gibson,07320792084
202426648,Maddie Baker,07301760994
202532864,John Wells,07303202921
202574740,Alissa Murphy,07377237136
202417661,Adrian Morrison,07331165875
202476054,Alfred Richards,07313932203
202415518,Edward Douglas,07339229372
202492714,Isabella Russell,07393832277
202468390,Ada Wilson,07334995770
202446110,Adelaide Smith,07303546265
202493796,Maddie West,07337884391
202423929,Aston Bailey,07357185286
202523004,Kimberly Cole,07353362819
202403957,Sabrina Watson,07372123786
202542243,Paige Craig,07323708466
202412554,Camila Wilson,07344956912
202419972,Rebecca Kelley,07382515642
202455834,Adelaide Kelley,07312046883
202572120,Maddie Dixon,07329228453
202488832,Valeria Jones,07310219980
202418320,Walter Owens,07304700196
