BookingID,GuestID,RoomNumber,CheckInDate,CheckOutDate
69001014,202400190,308,2024-07-17,2025-07-21
69004150,202400449,815,2025-02-04,2024-02-14
69012430,202400457,803,2024-12-07,2024-12-18
69028199,202400570,518,2024-02-11,2024-02-23
69029791,202400636,817,2024-01-19,2024-02-04
69034588,202400647,514,2024-05-19,2025-06-04
69035388,202400704,617,2025-01-08,2025-01-20
69039525,202400949,606,2024-01-17,2025-01-27
69046117,202401134,615,2024-01-04,2024-01-09
69047574,202401284,512,2025-01-07,2025-01-20
69048892,202401647,501,2024-12-20,2025-01-02
69051818,202401759,211,2024-07-19,2025-07-22
69053377,202402084,618,2025-09-09,2024-09-16
69053379,202402091,719,2024-10-26,2024-11-05
69062843,202402369,410,2024-01-03,2025-01-08
69070927,202402785,219,2025-05-17,2024-05-28
69075477,202403078,219,2024-01-05,2024-01-09
69075702,202403177,505,2025-09-25,2025-10-04
69076113,202403710,813,2024-12-28,2025-01-14
69077947,202403882,813,2025-03-23,2024-04-04
69082964,202403957,403,2024-07-12,2025-07-18
69085232,202404015,119,2025-11-23,
69085522,202404110,417,2025-12-16,2024-12-28
69087364,202404159,415,2025-03-11,2024-03-20
69090730,202404176,102,2024-07-17,2025-07-28
69091326,202404220,107,2025-11-02,2024-11-07
69095217,202404295,603,2025-04-25,2024-04-26
69099556,202404531,614,2025-10-18,2025-10-20
69106016,202404595,514,2025-06-03,2024-06-11
69107104,202404887,513,2024-09-22,2025-10-01
69108183,202405182,602,2024-11-23,2024-12-04
69112972,202405216,817,2025-11-26,2025-12-08
69113313,202405294,114,2025-01-25,2024-02-06
69113707,202405442,804,2025-11-09,2025-11-17
69128990,202405737,517,2024-04-24,2025-04-28
69131030,202406430,219,2025-11-10,2024-11-20
69133805,202406486,607,2024-04-13,2024-04-20
69135076,202406533,814,2024-09-12,2025-09-17
69139678,202406769,511,2025-08-21,2024-09-02
69141126,202406832,402,2024-02-12,2024-02-16
69145272,202406899,316,2025-03-08,2025-03-13
69150602,202407174,405,2025-02-10,2025-02-15
69150989,202407219,302,2024-05-19,2025-06-01
69152682,202407258,506,2025-09-12,2024-09-24
69165546,202407268,804,2024-06-05,2024-06-12
69168763,202407514,802,2025-10-02,2024-10-06
69178196,202407572,416,2024-01-26,2025-02-04
69179642,202407828,710,2025-11-08,2024-11-10
69180636,202407832,602,2025-12-13,2024-12-25
69183796,202407851,113,2025-11-12,2024-11-20
69183809,202408145,707,2025-01-07,2025-01-10
69185617,202408242,702,2025-12-11,2024-12-14
69189116,202408281,303,2025-02-11,2024-02-15
69190858,202408508,308,2024-12-11,2024-12-25
69192835,202408719,216,2024-04-26,2024-05-05
69200028,202409127,414,2025-03-01,2025-03-10
69202029,202409172,409,2024-09-16,
69202158,202409620,519,2025-10-09,2025-10-11
69212380,202409631,211,2024-10-21,2025-10-27
69217870,202409641,816,2025-03-27,2024-04-10
69222723,202409731,718,2024-09-08,2025-09-09
69235395,202410068,312,2025-07-01,2024-07-02
69257900,202410197,113,2024-08-25,2024-08-27
69266582,202410319,112,2025-03-28,2025-04-08
69270903,202410673,414,2024-03-19,2024-03-20
69271924,202410753,819,2024-08-12,2025-08-24
69271976,202411023,117,2024-05-01,2025-05-03
69284486,202411151,407,2025-06-12,2025-06-14
69284654,202411487,511,2024-08-16,2025-08-18
69285679,202411510,717,2024-01-26,2025-02-11
69287365,202411938,702,2025-09-20,2024-10-03
69311358,202412554,719,2025-12-02,2025-12-16
69315266,202412738,214,2024-05-02,2024-05-10
69320581,202413504,318,2025-09-11,2025-09-12
69322866,202413556,106,2025-07-12,2025-07-20
69326044,202413563,601,2025-11-03,2024-11-17
69328348,202413783,410,2024-01-17,2024-01-20
69330266,202413872,514,2024-11-14,2024-11-16
69330578,202413945,404,2024-10-08,2025-10-09
69338765,202413951,110,2025-02-12,2025-02-14
69339788,202414221,510,2024-05-10,
69341647,202414529,603,2025-09-04,
69345739,202415044,705,2024-03-17,2024-03-25
69346455,202415156,819,2024-01-13,2024-01-24
69350750,202415174,808,2025-09-28,2025-10-04
69351296,202415324,410,2025-08-08,2025-08-14
69351831,202415502,509,2024-03-12,2024-03-21
69352053,202415518,404,2025-05-01,2024-05-05
69356117,202415559,315,2024-01-12,2025-01-13
69358241,202415896,405,2025-05-27,2025-06-06
69364080,202415954,818,2024-06-05,2025-06-14
69365035,202416055,415,2024-02-05,2024-02-08
69367189,202416081,712,2025-05-02,2024-05-03
69368313,202416515,708,2024-01-24,2024-01-27
69368827,202416660,503,2024-09-02,2024-09-10
69370473,202416664,502,2025-05-20,2025-05-22
69377685,202416997,107,2025-06-28,2024-07-14
69386403,202417532,809,2024-09-18,2024-09-23
69389365,202417648,413,2024-10-14,2025-10-17
69394443,202417661,406,2024-09-24,2024-10-08
69397701,202418016,314,2025-03-05,2024-03-16
69403299,202418310,411,2024-09-02,2024-09-08
69411459,202418320,308,2025-01-14,2024-01-23
69424284,202418554,804,2025-01-04,2024-01-10
69428015,202418692,519,2025-01-21,2025-02-01
69437382,202419903,703,2025-07-15,2024-07-27
69437660,202419972,705,2025-05-12,2025-05-16
69440421,202420151,417,2024-09-04,2025-09-05
69441156,202420257,619,2025-04-20,2025-04-28
69445062,202420768,404,2025-12-16,2025-12-28
69449397,202421052,104,2024-01-05,2025-01-19
69450714,202421131,309,2024-10-07,2025-10-13
69450916,202421658,805,2025-11-07,2025-11-12
69453024,202421937,318,2025-04-21,2024-04-27
69454400,202422003,602,2025-01-12,2024-01-19
69455186,202422249,207,2024-08-09,2025-08-16
69464225,202422717,319,2024-06-04,2024-06-16
69469535,202423011,511,2024-11-13,2024-11-14
69470334,202423237,307,2025-02-13,
69473413,202423850,519,2025-09-24,2024-10-04
69474606,202423889,316,2024-02-11,2025-02-12
69481622,202423929,701,2024-06-17,2025-06-18
69484089,202424843,205,2024-08-27,2025-09-04
69484829,202425146,304,2025-07-19,2025-07-25
69495672,202425195,819,2025-08-26,2024-09-06
69507740,202425525,416,2024-02-01,2025-02-08
69520073,202425541,806,2025-07-24,2025-08-01
69527393,202425731,604,2024-03-24,2024-04-05
69531938,202425855,814,2025-12-27,2026-01-03
69534054,202426622,303,2024-09-01,2024-09-15
69538689,202426648,108,2024-08-17,2025-08-26
69542256,202426966,309,2025-11-06,2025-11-09
69546424,202427536,214,2024-06-21,2025-07-03
69550677,202427855,106,2024-03-02,2024-03-08
69556964,202427956,406,2024-05-01,2025-05-07
69557479,202428004,315,2024-07-12,2025-07-15
69557737,202428055,104,2025-01-16,2025-01-25
69576891,202428109,717,2025-11-07,2024-11-16
69577713,202428246,404,2024-03-25,2024-04-06
69581030,202428278,214,2025-10-26,2025-11-02
69582085,202428401,216,2025-05-28,2024-06-08
69582484,202428508,515,2025-05-16,2024-05-19
69590988,202428599,418,2025-05-19,2024-05-20
69593023,202428791,317,2024-06-10,2024-06-11
69594255,202429032,608,2024-04-12,2025-04-13
69596209,202429056,216,2025-10-06,2024-10-17
69596419,202429947,506,2025-06-23,2025-07-03
69596650,202430365,515,2025-03-25,2024-04-02
69596697,202430583,306,2024-04-21,2024-05-04
69607663,202430873,103,2024-06-10,2024-06-16
69609904,202431172,417,2024-10-26,2024-11-07
69611429,202432001,508,2024-10-05,2024-10-16
69612530,202432080,316,2024-02-12,2025-02-13
69612747,202432130,212,2024-10-14,2025-10-19
69616300,202432485,510,2024-07-22,2025-08-08
69620192,202432508,110,2025-03-07,2025-03-12
69620751,202432844,701,2024-01-18,2025-02-04
69624077,202432940,706,2025-02-10,2024-02-17
69626950,202433079,812,2024-05-26,2024-06-01
69630354,202433409,213,2025-05-26,2024-06-04
69641621,202433601,517,2025-11-16,2025-11-18
69646531,202433933,114,2024-03-17,2025-04-01
69647498,202434599,712,2024-04-23,2025-04-24
69647573,202434809,502,2024-01-17,2024-02-02
69649340,202435413,517,2025-01-03,2025-01-14
69651432,202435558,203,2024-08-18,2025-09-01
69666105,202435992,814,2025-06-03,2024-06-13
69668741,202436112,109,2025-01-16,2024-01-25
69671280,202436144,618,2024-11-17,2024-11-28
69676166,202436293,514,2024-03-22,2024-04-03
69682137,202436350,412,2025-03-13,2024-03-21
69683721,202436395,304,2024-07-21,2024-08-02
69684467,202437084,618,2024-12-24,2025-01-09
69684776,202437274,803,2024-06-03,2024-06-06
69687344,202437276,308,2025-05-03,2024-05-09
69687802,202437679,218,2024-08-14,2025-08-28
69692104,202437899,314,2024-02-20,2024-02-22
69694781,202437935,101,2024-01-04,2024-01-10
69701116,202438095,713,2024-07-27,2024-08-10
69711139,202438866,612,2025-08-13,2024-08-17
69715122,202438883,204,2025-02-24,2025-03-01
69715908,202439034,117,2025-10-05,2024-10-15
69724173,202439143,516,2024-04-22,2024-05-02
69728848,202439206,112,2024-07-28,2024-08-10
69731887,202439335,210,2024-09-10,2025-09-12
69732426,202439434,401,2025-03-22,2024-04-07
69734222,202439530,306,2025-09-17,2024-09-20
69738970,202439917,513,2024-12-06,2025-12-13
69739970,202440611,303,2024-09-23,2024-10-06
69743239,202441012,316,2025-06-08,2025-06-12
69747680,202441217,501,2024-04-07,2024-04-15
69749407,202441273,204,2024-03-04,2024-03-12
69750266,202441281,412,2025-09-21,2025-09-28
69758728,202441450,413,2025-10-19,2024-11-02
69760814,202441466,512,2025-08-15,2024-08-23
69762145,202441544,204,2025-10-11,2024-10-20
69764777,202441566,101,2024-08-04,
69770245,202442263,103,2024-02-07,2025-02-19
69778926,202442333,112,2024-07-02,2024-07-04
69795912,202442500,404,2025-02-09,2025-02-18
69797367,202443251,808,2024-12-27,2026-01-13
69803342,202443389,503,2024-03-27,2025-04-01
69807658,202443399,709,2024-12-24,2026-01-09
69824505,202443713,716,2025-05-27,2025-06-01
69824770,202443842,109,2025-04-08,2025-04-21
69829325,202444373,714,2024-05-07,2025-05-11
69831092,202444814,306,2024-07-17,2024-07-24
69832939,202445214,505,2024-02-17,2024-02-24
69834015,202445318,317,2024-07-14,2025-07-22
69836017,202445384,118,2024-05-22,2025-05-24
69836908,202445496,119,2024-01-06,2025-01-10
69840583,202445533,812,2025-02-28,2024-03-10
69846775,202445681,714,2025-02-07,2025-02-20
69852671,202445960,314,2025-11-10,2025-11-14
69854865,202446110,117,2024-09-04,2025-09-17
69860234,202446240,814,2024-07-28,
69865430,202446325,718,2025-10-06,2025-10-14
69871068,202446382,704,2025-02-05,2024-02-12
69871555,202446686,405,2025-12-18,2025-12-28
69872132,202446774,111,2025-06-02,2025-06-10
69874393,202446914,308,2024-12-19,2025-12-21
69876396,202447506,314,2024-09-01,2024-09-11
69879345,202447775,716,2024-08-06,2025-08-07
69885469,202448170,211,2025-11-12,2025-11-26
69890473,202448400,712,2025-01-17,2025-01-18
69892022,202448433,218,2024-03-19,2025-04-03
69892074,202448879,415,2024-05-28,2024-06-10
69894830,202448951,406,2025-11-15,2025-11-18
69898200,202449279,806,2025-07-19,2025-07-26
69900522,202449349,310,2025-11-02,2025-11-12
69901268,202449533,205,2024-12-23,2025-01-02
69905944,202449902,515,2024-12-02,2024-12-15
69923834,202449926,508,2025-02-05,2025-02-17
69925366,202450071,505,2025-10-05,2025-10-12
69934065,202450118,617,2024-08-14,2025-08-20
69935173,202450162,111,2025-07-13,2024-07-27
69935802,202450298,112,2025-11-18,2024-11-19
69945607,202450484,616,2025-07-17,2024-07-22
69948780,202450486,507,2024-11-24,2024-11-28
69952433,202450549,716,2025-05-20,2025-05-28
69953458,202450577,105,2025-08-09,2024-08-22
69954714,202450596,110,2025-05-21,2024-06-04
69956084,202450692,303,2024-04-07,2025-04-20
69956471,202450763,310,2024-11-03,2025-11-11
69969808,202450903,507,2025-10-08,2025-10-09
69977872,202450930,211,2025-01-01,2025-01-15
69985131,202450951,103,2025-02-08,2024-02-14
69989901,202451070,412,2024-04-15,2024-04-20
70003229,202451166,507,2024-03-25,2024-04-05
70009647,202451239,714,2025-07-11,2025-07-13
70011621,202451249,413,2025-06-06,2025-06-08
70015789,202451284,117,2024-09-16,2024-09-20
70016046,202451466,305,2025-07-10,2024-07-12
70023318,202451725,605,2024-02-26,2025-03-05
70024207,202451822,812,2024-06-28,2025-07-14
70027066,202452332,805,2024-12-16,2024-12-17
70036954,202452397,411,2024-02-12,2025-02-17
70038565,202452917,701,2024-05-08,2024-05-15
70039713,202453243,501,2024-03-15,2024-03-27
70043757,202453284,104,2025-06-18,2025-06-19
70060008,202453721,518,2024-02-01,2024-02-04
70063887,202453935,504,2025-07-09,2025-07-18
70064146,202454422,312,2024-06-25,2025-07-07
70064555,202454606,715,2025-07-15,
70065194,202454627,805,2024-04-25,2025-05-05
70070250,202454630,614,2024-10-11,2025-10-22
70073727,202454943,602,2025-05-28,2024-06-11
70076611,202455054,411,2025-06-07,2025-06-18
70077139,202455095,117,2025-09-15,2025-09-19
70081150,202455788,710,2025-02-18,2025-02-22
70091932,202455834,117,2024-05-26,2025-06-05
70102555,202456039,709,2025-06-09,2024-06-19
70106962,202456094,801,2025-07-10,2025-07-11
70107406,202456457,311,2024-12-12,2024-12-13
70114765,202456460,406,2024-09-21,2024-10-07
70120766,202456462,208,2024-09-19,2025-09-23
70129195,202456953,102,2024-12-19,2025-12-24
70131424,202456994,318,2025-01-27,2025-02-12
70159042,202457042,110,2025-12-20,2024-12-21
70159527,202457523,306,2025-02-01,2025-02-11
70169337,202457866,607,2024-06-18,2024-06-22
70180904,202458032,814,2025-04-14,2024-04-15
70181466,202458316,802,2024-05-14,2025-05-19
70186496,202458633,302,2025-02-24,2025-03-01
70199700,202458838,619,2024-07-13,2024-07-20
70201486,202459114,617,2024-07-13,2024-07-14
70206101,202459399,219,2024-04-17,2024-05-03
70208411,202459406,303,2024-04-23,2024-04-26
70218583,202459528,114,2024-03-04,2025-03-10
70224883,202460124,811,2024-12-27,2026-01-07
70228785,202460208,608,2024-03-25,2025-04-07
70233012,202460654,613,2025-05-17,2025-05-24
70233601,202461066,616,2025-01-14,2025-01-19
70233779,202461166,113,2025-04-04,2024-04-13
70240989,202461473,310,2024-05-01,2025-05-13
70241027,202461508,308,2025-06-04,2025-06-11
70243127,202461612,213,2025-01-25,2025-02-04
70245577,202462261,106,2024-06-22,2025-07-05
70253564,202462280,418,2025-08-17,2024-09-02
70254671,202462331,605,2024-11-04,2025-11-10
70255074,202462566,217,2024-03-03,2025-03-05
70255354,202462759,713,2024-12-24,2026-01-04
70265447,202462918,113,2024-05-27,2025-06-11
70278878,202463057,809,2024-09-23,2024-09-27
70282454,202463205,602,2025-02-25,2025-03-09
70288480,202463713,312,2024-08-14,2025-08-17
70290031,202464038,309,2024-07-27,2024-08-12
70298757,202464122,417,2024-02-15,2025-02-18
70299142,202464230,108,2024-07-26,2025-08-09
70309761,202464522,516,2025-06-14,2024-06-24
70312778,202464626,217,2025-02-08,2024-02-21
70313066,202465415,808,2024-01-13,2024-01-16
70314464,202465657,718,2024-07-20,2025-08-04
70321144,202466068,506,2024-04-15,2025-04-22
70323856,202466076,609,2025-07-06,2025-07-11
70326861,202466084,316,2024-04-14,2025-04-24
70329547,202466130,317,2025-06-12,2025-06-18
70334523,202466140,216,2024-09-18,2024-09-25
70338345,202466228,415,2024-02-19,
70347599,202466260,508,2025-08-24,2024-08-28
70347950,202466395,113,2024-03-23,2024-04-08
70354905,202466512,314,2025-04-01,2025-04-13
70359803,202466561,302,2025-12-10,2024-12-14
70360167,202466624,406,2024-06-22,2025-06-27
70362317,202466879,201,2025-03-04,2025-03-16
70368451,202467012,216,2025-02-23,2025-03-07
70371241,202467111,714,2025-03-09,2024-03-16
70380620,202467571,302,2025-11-20,2024-12-03
70393175,202467776,318,2025-03-03,2025-03-11
70393507,202468063,309,2024-07-21,2025-08-07
70400741,202468390,509,2025-01-26,2025-01-28
70401782,202468410,818,2024-02-27,2024-03-05
70406043,202468510,716,2024-05-06,2025-05-15
70407180,202468595,811,2025-10-06,2024-10-12
70407894,202468843,501,2024-04-23,2024-05-03
70409549,202469008,201,2024-09-07,2024-09-11
70410562,202469041,718,2025-06-11,2025-06-25
70415562,202469320,612,2024-06-21,2024-07-01
70421021,202469321,303,2024-10-04,2024-10-14
70424570,202469355,319,2025-06-18,2025-06-23
70426493,202469463,811,2024-07-09,2024-07-11
70453222,202469691,712,2025-04-12,
70455335,202469811,318,2025-10-06,2025-10-08
70458957,202469849,103,2024-02-10,2025-02-24
70466264,202470391,414,2025-11-03,2025-11-14
70469479,202470971,704,2025-02-13,2025-02-19
70472362,202471215,714,2024-02-02,2025-02-06
70473416,202471877,810,2025-11-12,2024-11-17
70477422,202471895,515,2024-05-25,2024-06-01
70479070,202472000,116,2025-04-25,2024-05-09
70480546,202472018,612,2025-08-20,2025-08-21
70485230,202472289,510,2025-08-23,2025-08-25
70488560,202472377,113,2025-09-06,2025-09-16
70495445,202472793,203,2025-09-16,2024-09-19
70505967,202472814,414,2024-12-20,2025-01-04
70510848,202472897,613,2024-09-23,2025-10-02
70525831,202472925,213,2024-06-04,2025-06-08
70530394,202473146,217,2024-10-02,2025-10-10
70533211,202473363,219,2025-09-01,2024-09-12
70534267,202474110,106,2025-09-26,2025-10-04
70540811,202474179,803,2024-02-17,2025-02-18
70549412,202474191,802,2024-12-13,2025-12-18
70555785,202474253,618,2025-06-11,2024-06-17
70556629,202474442,314,2025-01-16,2025-01-21
70556781,202474627,804,2025-04-08,2025-04-13
70558654,202474757,715,2024-10-09,2024-10-19
70561157,202475116,607,2025-05-07,2025-05-18
70562422,202475132,613,2024-06-27,2025-07-06
70564111,202475165,204,2025-08-09,2025-08-10
70564217,202475468,215,2024-12-08,2024-12-14
70566425,202475565,616,2025-06-10,2024-06-17
70577150,202475864,103,2024-04-09,2024-04-12
70577863,202476054,309,2025-05-24,2025-05-25
70586403,202476086,501,2025-11-24,2025-12-07
70590272,202476095,103,2025-10-04,2025-10-07
70590733,202476655,112,2024-12-20,2025-12-26
70592416,202476864,705,2025-04-11,2025-04-12
70593047,202476966,108,2024-05-15,2025-05-26
70593076,202477072,613,2024-08-25,2024-09-10
70596310,202477512,704,2025-09-22,2025-09-27
70599604,202477526,612,2024-10-04,2024-10-10
70601573,202477666,112,2024-03-27,2024-04-03
70602690,202478050,711,2025-02-12,2024-02-13
70610658,202478629,617,2024-03-27,2024-04-06
70612483,202478703,502,2025-05-16,2024-06-01
70613068,202479069,502,2024-03-03,2024-03-08
70613493,202479475,414,2024-07-06,2025-07-07
70613650,202479528,715,2025-06-16,2024-07-02
70615461,202479645,110,2024-04-08,2024-04-15
70621951,202479742,607,2025-04-13,2024-04-21
70623016,202480385,602,2024-10-25,2024-10-26
70625948,202480896,409,2024-12-13,2025-12-17
70630627,202481457,309,2025-07-17,2025-07-20
70631010,202481656,312,2025-10-10,2025-10-14
70635324,202481769,609,2024-04-03,2024-04-13
70636667,202481893,513,2024-11-27,2024-12-12
70639434,202481955,216,2025-11-17,2025-11-18
70640764,202482219,817,2025-05-18,2024-05-27
70641716,202482441,110,2024-12-15,2024-12-28
70646248,202482523,204,2024-11-17,2025-11-20
70647670,202482791,112,2025-05-11,2024-05-19
70649023,202482858,507,2024-05-17,2025-06-03
70653870,202482863,517,2025-03-22,2025-03-23
70654087,202482873,810,2024-02-22,2025-03-01
70655760,202483251,307,2025-01-06,2024-01-19
70673495,202483416,101,2025-11-24,2025-11-25
70677451,202483508,701,2024-08-01,2024-08-15
70678416,202483613,312,2024-01-16,2024-01-17
70683509,202483852,302,2025-04-17,2024-04-27
70687489,202483874,510,2025-01-11,2025-01-24
70689074,202483904,716,2025-09-24,2025-09-26
70690739,202484257,804,2025-06-02,2025-06-10
70699420,202484418,507,2025-06-04,2025-06-13
70700472,202484733,106,2024-03-15,2024-03-22
70707647,202484772,614,2025-09-19,2025-09-28
70711890,202485297,809,2025-07-21,2025-08-04
70712852,202485298,802,2024-08-03,2025-08-17
70718691,202485402,508,2024-02-23,2025-03-02
70722006,202485672,813,2025-02-05,2025-02-13
70727605,202485719,709,2024-03-17,2025-03-26
70729313,202486066,303,2025-07-05,2024-07-07
70736461,202486162,619,2024-10-27,2024-11-01
70736787,202486511,819,2025-04-19,2024-05-04
70738394,202486613,607,2025-01-06,2024-01-11
70741531,202486926,115,2024-11-09,2025-11-19
70750083,202487011,610,2024-10-23,2024-11-04
70775805,202487446,117,2025-07-27,2025-08-02
70778665,202487547,218,2024-09-24,2025-10-08
70779858,202487756,401,2025-06-25,2024-07-07
70781884,202487815,207,2025-07-24,2024-07-27
70785201,202488058,601,2024-04-04,2024-04-16
70788311,202488311,606,2025-12-22,2026-01-06
70791045,202488460,411,2024-12-17,2024-12-27
70799177,202488514,515,2025-03-06,2024-03-17
70800375,202488558,208,2025-09-14,2024-09-19
70802348,202488832,702,2024-04-11,2024-04-18
70806396,202489078,308,2025-02-08,2024-02-16
70809754,202489380,303,2024-05-23,2024-06-09
70826738,202489502,317,2024-07-09,2024-07-22
70834927,202489706,418,2025-10-19,2024-10-23
70840244,202490056,802,2025-08-08,2025-08-16
70844484,202490312,313,2025-12-02,2024-12-15
70847085,202490337,818,2024-07-06,2024-07-13
70847968,202490381,506,2024-04-01,2025-04-07
70848340,202490605,516,2025-05-03,2024-05-11
70849926,202490636,104,2025-10-10,2025-10-23
70849942,202490730,409,2024-03-05,2025-03-11
70853525,202490797,311,2025-10-09,2025-10-22
70853763,202491388,812,2025-02-12,2025-02-14
70855182,202491402,809,2025-03-04,2024-03-13
70860891,202491581,215,2024-09-04,2024-09-08
70861013,202491645,708,2025-10-25,2024-11-05
70865108,202491717,203,2024-12-18,2026-01-03
70877723,202491908,503,2024-11-08,2024-11-21
70880906,202492219,512,2024-07-15,2024-07-23
70884708,202492284,313,2025-04-26,2024-05-12
70886038,202492304,512,2025-07-22,2025-08-02
70888771,202492443,311,2025-04-07,2024-04-19
70889849,202492714,207,2025-07-20,2024-08-01
70890388,202493013,814,2024-02-24,2024-03-04
70896528,202493296,114,2025-08-27,2025-08-28
70899938,202493302,515,2025-11-28,2024-12-08
70907827,202493357,707,2024-02-22,2025-03-08
70908063,202493383,418,2025-12-11,2025-12-17
70910366,202493441,105,2025-12-14,2025-12-19
70914669,202493749,609,2024-08-18,2025-09-04
70926024,202493796,414,2024-04-14,2025-04-16
70935091,202494028,606,2025-09-08,2025-09-13
70940370,202494104,803,2025-04-23,2025-05-03
70944477,202494294,515,2025-10-18,2025-11-03
70945679,202495017,811,2024-07-16,2024-07-23
70947247,202495057,801,2024-11-02,2024-11-06
70955479,202495268,407,2025-03-01,2025-03-03
70961513,202495556,404,2025-03-06,2024-03-09
70961855,202495618,417,2025-06-18,2025-06-20
70963272,202496492,204,2024-11-27,2024-12-06
70964622,202497614,118,2025-03-27,2024-04-11
70970181,202498065,709,2025-03-13,2024-03-17
70971188,202498516,209,2024-06-22,2025-06-25
70973146,202498524,618,2024-03-26,2024-04-03
70977003,202498553,706,2025-06-20,2025-07-06
70986453,202498567,513,2025-04-12,2024-04-25
70987112,202498706,512,2024-01-11,2024-01-24
70994948,202498857,206,2024-06-22,2024-07-02
70995162,202498974,602,2024-12-09,2024-12-14
71000933,202499095,705,2025-04-23,2024-05-05
71006784,202499135,503,2025-04-16,2025-05-02
71012603,202499199,401,2024-05-26,2025-06-11
71013182,202499216,718,2024-08-02,2025-08-08
71017400,202499226,716,2024-11-14,2024-11-20
71020469,202499241,405,2025-03-01,
71023974,202499254,114,2024-11-26,2024-12-04
71025972,202499283,417,2024-09-09,2024-09-23
71035191,202499507,503,2025-12-05,2024-12-16
71035751,202499517,301,2024-08-06,2024-08-15
71047073,202500402,505,2024-11-22,2024-11-23
71053534,202500546,619,2024-08-10,2024-08-14
71060006,202500831,302,2025-08-18,2025-08-22
71060327,202501000,209,2024-07-24,2024-08-03
71065219,202501092,814,2024-03-09,2024-03-12
71069459,202501297,410,2024-09-19,2025-10-04
71075010,202501377,819,2025-01-04,2024-01-08
71079491,202501452,710,2025-06-27,2025-07-02
71080908,202501653,801,2025-08-09,2025-08-12
71086259,202502017,703,2024-12-20,2024-12-27
71086498,202502022,711,2024-09-11,2025-09-13
71091614,202502363,803,2024-09-23,2025-10-01
71093975,202502406,518,2025-09-12,2025-09-17
71097775,202502417,112,2025-04-04,2024-04-18
71101053,202502638,818,2025-12-25,2025-01-08
71103367,202502942,404,2024-11-02,2024-11-04
71104505,202502993,617,2024-03-26,2024-03-27
71107899,202503161,516,2024-01-05,2024-01-08
71111153,202503239,518,2025-03-09,2025-03-17
71113820,202503326,815,2024-08-17,2025-09-02
71121006,202503544,317,2025-06-21,2025-06-28
71125581,202503574,417,2025-01-16,2025-01-20
71127119,202503866,506,2025-11-04,2024-11-15
71134798,202504556,416,2024-10-14,2024-10-18
71144067,202504564,405,2025-04-03,2025-04-06
71145420,202504690,819,2025-06-10,2025-06-21
71147950,202504838,706,2025-06-17,2025-06-18
71150428,202504864,117,2024-02-20,2024-03-05
71160013,202504893,418,2025-03-01,2024-03-02
71160624,202504994,116,2025-01-06,2025-01-16
71165450,202505625,802,2024-09-01,2024-09-03
71167067,202505686,119,2024-04-23,2025-05-05
71168434,202505690,311,2024-02-26,2025-02-28
71173877,202505700,509,2025-07-10,2024-07-23
71182096,202505748,110,2025-09-03,2024-09-14
71183834,202506341,710,2025-01-15,2024-01-20
71189264,202506381,503,2024-05-01,2025-05-12
71189651,202506809,703,2024-06-14,2024-06-19
71191694,202507058,607,2025-06-14,2025-06-20
71196222,202507132,517,2024-02-28,2025-03-09
71201854,202507309,709,2024-07-06,2025-07-12
71203575,202507458,716,2025-11-19,2024-11-20
71208133,202508242,410,2025-05-09,2024-05-14
71210692,202508350,305,2024-07-14,2025-07-23
71211717,202509143,417,2025-10-03,2024-10-04
71217440,202509375,613,2025-06-08,2025-06-20
71218542,202509570,802,2025-08-13,2025-08-15
71221561,202509721,508,2024-10-05,2024-10-08
71229975,202510213,615,2025-06-07,2024-06-15
71234354,202510262,611,2024-09-28,2025-10-10
71239615,202510799,312,2024-03-28,2025-04-11
71240790,202511381,708,2025-02-23,2024-03-03
71256765,202511446,611,2024-05-08,2024-05-16
71263218,202511490,618,2024-01-22,2024-01-23
71263698,202511579,102,2025-01-28,2024-02-10
71264530,202511650,611,2025-01-13,2025-01-16
71266671,202511670,810,2024-03-01,2025-03-15
71281411,202511708,502,2024-09-16,2025-09-18
71282207,202511753,309,2025-07-15,2025-07-27
71285067,202512719,414,2024-04-18,2024-04-23
71287551,202512724,716,2024-09-25,2025-10-01
71287782,202512940,404,2025-11-03,2025-11-04
71293575,202513131,219,2025-09-28,2024-10-12
71296214,202513417,304,2024-06-08,2025-06-12
71298659,202513589,211,2024-08-28,2025-09-06
71304058,202513749,111,2024-07-10,2025-07-13
71310514,202514248,211,2025-07-24,2025-07-27
71325579,202514253,413,2024-01-18,2024-01-22
71330107,202514447,607,2024-04-21,2024-05-07
71336878,202514458,801,2024-07-28,2024-08-12
71339896,202514879,404,2024-06-09,2025-06-14
71342814,202515334,103,2024-11-27,2025-12-01
71343833,202515337,808,2024-08-15,2025-08-22
71363737,202515339,711,2024-12-07,2025-12-20
71365509,202515431,806,2024-05-16,2025-05-20
71366948,202515562,312,2024-04-11,2025-04-15
71379471,202515755,516,2024-05-14,2025-05-26
71381391,202515840,516,2025-11-02,2024-11-09
71385450,202515963,713,2024-03-13,2024-03-16
71389422,202516158,314,2025-02-25,2024-03-04
71396059,202516343,618,2025-11-23,2025-12-02
71400712,202516390,214,2025-02-19,2024-02-22
71405316,202516483,515,2025-01-28,2024-02-08
71405563,202516659,813,2024-10-12,2025-10-26
71406929,202517642,214,2025-09-02,2025-09-15
71422891,202518300,613,2024-08-12,2024-08-14
71425799,202518370,811,2024-03-13,2025-03-14
71432079,202518386,307,2024-02-06,2024-02-07
71443942,202518552,806,2024-02-21,2025-03-05
71458188,202518694,205,2024-02-11,2025-02-20
71462802,202518773,619,2024-06-12,2024-06-22
71464963,202518984,408,2025-12-14,2025-12-27
71465562,202519019,704,2024-04-10,2024-04-19
71466695,202519404,302,2025-11-05,2025-11-13
71466728,202519438,310,2024-03-27,2025-04-02
71488326,202519796,618,2025-10-15,2024-10-27
71489364,202519867,705,2024-08-27,2024-09-07
71498224,202519913,810,2024-09-26,2024-10-05
71498523,202519955,216,2025-08-06,2025-08-17
71502188,202520167,505,2024-02-12,2024-02-18
71503725,202520211,216,2025-05-19,2025-06-02
71508294,202520506,807,2024-05-15,2024-05-25
71512640,202520573,213,2025-03-01,2025-03-07
71528686,202520886,312,2024-05-05,2025-05-07
71531137,202520969,615,2024-10-06,2024-10-19
71534080,202521007,202,2024-04-07,2024-04-11
71535573,202521215,209,2024-10-01,
71541087,202521221,219,2025-03-12,2025-03-22
71552481,202521437,213,2025-06-06,2024-06-10
71556520,202521619,308,2025-11-07,2024-11-13
71564158,202521700,414,2025-10-24,2024-11-03
71565228,202521785,306,2024-08-14,2024-08-24
71570139,202521862,403,2024-01-26,2024-01-28
71572300,202522065,609,2024-03-26,2025-04-08
71575793,202522180,616,2025-08-07,2024-08-19
71576792,202522257,401,2024-12-14,2024-12-21
71583849,202522390,303,2025-12-16,2025-12-23
71585789,202522750,601,2024-12-15,2025-12-28
71593408,202522855,417,2025-08-10,2025-08-22
71594498,202523004,608,2024-06-02,2025-06-05
71595447,202523061,404,2024-08-26,2025-08-27
71595905,202523453,109,2025-10-11,2024-10-13
71602347,202523590,218,2025-10-06,2024-10-17
71602510,202523705,702,2025-06-21,2025-07-04
71606413,202523728,805,2024-12-10,2025-12-21
71609867,202523755,305,2024-02-21,2024-02-27
71613011,202523818,119,2024-12-27,2025-01-09
71614277,202523929,313,2025-09-09,2025-09-12
71621751,202524156,814,2024-10-28,2025-11-13
71623543,202524473,101,2025-04-17,2025-04-18
71623731,202524900,309,2025-06-24,2024-06-25
71628581,202525108,207,2024-12-22,2024-12-25
71630764,202525296,308,2024-06-04,2024-06-17
71638706,202525583,319,2025-11-14,2025-11-22
71642938,202525702,404,2025-06-27,2025-07-08
71643916,202526076,809,2024-07-25,2025-07-28
71644797,202526108,216,2024-10-09,2025-10-14
71651619,202526349,314,2024-11-22,2024-12-04
71652394,202526379,105,2025-09-22,2024-09-23
71652953,202526667,211,2025-09-07,2024-09-20
71653088,202526695,313,2024-04-28,2024-05-01
71655816,202526728,706,2025-07-28,2025-08-02
71656608,202526733,201,2025-08-18,2025-08-19
71657394,202527140,604,2025-12-27,2025-01-11
71658470,202527154,411,2024-01-02,2025-01-14
71662575,202527260,407,2024-03-25,2024-04-02
71667738,202527542,101,2024-11-20,2024-11-21
71668000,202527577,806,2025-12-13,2024-12-27
71674076,202527932,707,2025-07-02,2025-07-08
71674210,202528119,703,2025-12-03,2024-12-13
71678702,202528128,808,2024-08-05,2024-08-15
71679818,202528177,719,2024-05-21,2024-05-24
71680590,202528327,804,2025-05-15,2024-05-25
71682544,202528343,109,2024-04-19,2025-04-20
71688125,202528859,811,2024-08-05,2024-08-19
71688153,202529312,102,2025-03-13,2025-03-19
71696084,202529813,402,2025-05-11,2025-05-14
71696144,202530463,504,2024-10-23,2024-11-02
71697686,202530643,717,2024-05-09,2025-05-23
71700871,202531014,413,2024-10-18,2025-10-28
71701691,202531440,518,2025-07-14,2024-07-27
71703210,202531801,615,2024-09-18,2025-09-25
71714513,202531804,402,2025-10-02,2025-10-13
71715340,202532017,117,2025-09-22,2024-09-25
71719105,202532172,307,2025-09-19,2025-09-23
71721540,202532366,705,2025-07-21,2024-08-07
71725765,202532455,805,2025-01-05,2024-01-12
71726675,202532557,509,2025-04-03,2025-04-16
71730653,202532864,807,2024-01-16,2025-01-25
71735748,202532958,519,2025-03-18,2024-03-19
71736066,202533134,216,2024-12-21,2026-01-05
71737525,202533169,102,2025-09-27,2025-10-06
71739515,202533539,802,2024-07-21,2025-08-04
71742571,202533684,501,2025-09-06,2025-09-10
71743208,202533794,718,2024-03-01,2024-03-04
71749110,202534017,601,2024-03-15,2025-03-17
71749411,202534473,704,2025-10-05,2025-10-09
71768813,202534685,402,2025-10-02,2024-10-12
71773246,202534770,603,2024-10-21,2024-10-26
71773515,202534807,808,2024-10-16,2024-10-25
71776977,202535124,504,2024-08-13,2025-08-25
71779255,202535409,605,2024-10-03,2025-10-16
71779400,202536258,809,2024-07-06,2025-07-14
71780957,202536456,516,2024-03-27,2025-04-08
71780991,202536908,318,2025-04-21,2025-04-26
71787041,202536949,613,2025-05-17,2025-06-03
71787751,202538663,218,2025-01-19,2025-01-23
71790562,202539128,316,2024-08-06,2024-08-07
71800691,202539328,208,2024-12-28,2026-01-02
71801344,202539656,216,2024-01-05,2024-01-10
71802321,202539676,217,2024-06-24,2024-06-28
71810710,202539740,510,2024-06-11,2024-06-18
71812602,202540029,309,2024-06-04,2025-06-13
71812764,202540112,210,2024-11-14,2025-11-18
71814204,202540127,412,2024-04-05,
71820309,202540315,511,2025-06-16,2025-06-20
71831336,202540664,802,2025-03-26,2025-04-10
71831622,202540962,209,2024-12-16,2025-12-18
71835072,202541102,618,2024-01-22,2025-01-24
71836725,202541114,810,2024-12-22,2026-01-08
71837406,202541379,509,2024-02-01,2025-02-08
71840190,202541551,415,2024-04-10,2025-04-19
71841716,202541555,512,2025-04-08,2024-04-13
71842737,202541639,317,2024-01-27,2025-02-07
71844629,202541802,113,2024-09-23,2025-09-27
71849463,202542243,303,2024-11-26,2024-11-28
71854637,202542320,112,2024-05-25,2024-06-05
71861768,202542432,506,2025-04-04,2024-04-16
71868564,202542441,507,2024-02-13,2025-02-22
71869610,202542587,707,2024-09-12,2025-09-26
71876697,202542747,404,2024-03-15,2024-03-20
71879022,202543017,315,2025-07-27,2024-08-06
71879334,202543175,710,2024-03-03,2025-03-05
71880442,202543458,212,2024-01-19,
71883514,202544037,207,2024-03-01,2025-03-14
71888195,202544780,716,2024-09-13,2025-09-25
71891156,202544854,513,2024-12-10,2025-12-20
71891999,202545276,715,2024-05-23,2025-06-09
71895477,202545736,701,2025-09-15,2024-10-01
71901605,202545822,306,2024-08-02,2024-08-04
71905973,202545916,615,2025-02-26,2024-03-03
71906494,202546425,201,2024-12-06,2025-12-18
71909446,202546540,217,2025-08-19,2025-09-03
71913704,202546596,713,2025-07-13,2025-07-25
71927634,202546691,209,2024-03-04,2025-03-15
71930474,202546785,410,2025-06-26,2024-07-07
71931695,202546964,812,2024-10-26,2025-11-05
71931911,202547252,316,2025-05-07,2025-05-18
71932718,202547316,416,2024-02-13,2025-02-14
71945464,202547631,217,2024-06-17,2025-07-02
71948175,202547650,103,2025-08-21,2025-09-04
71949848,202547667,616,2024-05-28,2025-06-14
71951137,202547989,809,2024-10-21,2025-10-26
71954677,202548011,604,2025-01-17,2025-01-27
71954937,202548058,616,2025-08-24,2025-09-06
71962137,202548526,105,2025-02-12,2025-02-26
71966449,202549886,612,2025-12-15,2024-12-18
71971311,202550105,709,2024-11-13,2024-11-22
71973774,202550258,107,2024-06-07,2024-06-14
71976429,202550446,202,2025-01-21,2024-01-24
71982784,202550552,117,2025-07-25,2024-08-08
71990772,202550848,814,2025-04-14,2024-04-20
71994210,202550981,219,2024-06-07,2024-06-14
71999599,202551098,313,2025-02-28,2025-03-01
72001452,202551422,112,2024-07-24,2025-08-04
72001489,202551940,506,2024-01-06,2024-01-13
72012698,202552167,704,2025-07-24,2024-08-08
72020772,202552197,618,2025-01-13,2025-01-27
72022371,202552864,314,2024-05-15,2024-05-28
72025587,202553047,517,2025-09-11,2024-09-18
72025798,202553074,215,2024-10-08,2024-10-22
72029692,202553132,113,2025-06-18,2025-06-23
72030022,202553140,302,2025-06-08,2024-06-09
72030233,202553884,606,2025-05-11,2024-05-20
72031330,202554052,813,2025-01-26,2025-02-02
72031416,202554069,107,2025-06-18,2024-06-28
72031469,202554278,803,2024-05-02,2025-05-11
72038212,202554305,710,2025-01-03,
72039059,202554534,817,2025-09-16,2024-09-20
72047049,202554701,209,2024-08-16,2025-08-26
72049352,202555055,719,2025-03-25,2025-04-05
72050683,202555352,412,2024-05-19,2024-05-24
72059145,202555464,207,2024-12-26,2025-01-02
72059983,202555621,517,2025-02-15,2025-02-22
72061263,202555646,701,2025-02-24,2025-03-01
72063838,202556128,206,2024-06-01,2025-06-05
72073382,202556166,206,2025-08-14,2024-08-22
72087266,202556288,306,2025-08-21,2024-08-22
72089761,202556322,116,2025-11-26,2025-12-03
72095778,202556632,506,2025-05-27,2024-06-13
72096326,202557120,514,2025-10-27,2025-10-28
72109564,202557418,310,2024-07-23,2024-07-28
72117808,202557446,116,2024-10-17,2024-11-02
72119211,202558360,210,2025-11-20,2025-12-01
72122466,202558606,609,2025-06-16,2024-06-23
72132959,202558622,211,2025-08-25,2024-09-09
72133149,202559283,702,2025-03-10,2024-03-18
72134632,202559394,214,2024-09-23,2024-10-08
72137941,202559581,102,2024-10-14,2025-10-28
72145031,202559864,802,2024-06-16,2024-06-23
72145127,202559918,115,2024-09-07,2025-09-13
72147372,202559938,604,2025-02-20,2024-03-04
72154400,202560205,614,2024-09-23,2024-10-05
72154468,202560216,414,2024-07-23,2024-08-03
72158538,202560308,107,2025-11-22,2024-11-26
72168197,202560460,106,2024-07-10,2024-07-18
72173093,202560552,612,2024-06-22,2024-06-25
72173732,202560608,516,2025-08-13,
72174914,202560639,806,2024-08-05,2025-08-13
72178791,202560742,404,2024-09-19,2024-09-28
72183513,202560919,704,2025-07-18,2024-08-03
72187838,202561104,319,2024-08-04,2025-08-16
72193859,202561133,314,2025-02-12,2024-02-13
72194874,202561200,503,2024-06-28,2025-07-14
72195587,202561222,218,2025-08-14,2025-08-19
72199110,202561442,808,2025-09-21,2024-09-23
72199819,202561542,707,2025-10-08,2025-10-16
72202599,202561850,705,2024-02-02,2024-02-09
72204374,202561945,809,2024-09-25,2025-10-06
72206331,202561957,602,2024-04-02,2025-04-12
72210114,202562508,114,2025-09-04,2025-09-06
72219187,202562558,814,2025-02-07,2024-02-15
72226556,202562584,408,2025-06-17,2025-06-19
72227039,202562626,110,2025-08-26,2025-09-03
72227785,202563198,415,2024-10-28,2024-11-03
72229030,202563804,411,2024-08-19,2024-08-25
72230381,202563817,502,2025-07-06,2024-07-10
72232031,202563912,711,2024-11-03,2024-11-04
72233474,202564069,112,2025-09-02,2025-09-11
72236851,202564094,806,2024-01-24,2025-02-01
72246811,202564319,218,2024-06-12,2024-06-22
72251463,202564348,707,2025-10-01,
72251668,202564390,116,2024-07-13,2024-07-27
72252448,202564399,404,2025-03-05,2024-03-18
72263574,202564506,306,2024-10-12,2025-10-21
72267572,202564511,803,2024-02-14,2025-02-21
72271299,202564881,806,2024-07-04,2025-07-10
72276068,202564962,411,2025-01-09,2025-01-15
72276962,202564964,816,2024-11-13,2024-11-20
72278181,202565026,209,2025-10-15,2024-10-28
72278818,202565079,212,2024-01-13,2025-01-22
72282711,202565264,517,2024-11-18,2024-11-23
72283883,202565453,305,2025-07-15,2024-07-20
72285089,202565660,209,2025-01-28,2025-02-01
72290384,202565664,615,2024-01-18,2024-01-26
72292579,202565809,704,2025-11-22,2024-11-26
72296588,202565818,407,2024-08-21,2024-09-03
72302910,202565833,611,2024-01-18,2025-02-02
72311702,202565842,716,2025-12-24,2026-01-10
72320971,202566439,402,2025-07-08,2024-07-11
72321307,202566833,708,2025-07-20,2025-08-06
72326674,202567396,110,2024-10-28,2024-11-09
72328633,202567505,709,2024-05-07,2025-05-10
72332917,202567650,808,2024-04-22,2025-05-04
72336112,202567813,509,2024-09-09,2025-09-15
72337118,202568005,604,2025-03-01,2024-03-14
72337369,202568101,708,2024-11-26,2025-11-27
72340058,202568109,816,2024-02-27,2025-03-03
72342762,202568185,211,2024-03-25,2024-04-06
72344116,202568329,319,2025-09-28,2024-10-04
72348983,202568622,713,2025-08-03,2025-08-11
72349110,202568789,304,2024-03-20,
72358810,202569223,813,2024-06-20,2025-06-22
72364143,202569387,313,2025-09-22,2024-09-27
72365666,202569442,617,2025-04-13,2025-04-15
72365882,202569734,201,2024-03-08,2024-03-15
72367149,202569907,504,2025-08-01,2024-08-02
72371790,202570054,204,2024-05-02,2025-05-04
72385438,202570062,609,2025-03-01,2024-03-09
72390803,202570070,818,2024-12-02,2025-12-11
72396713,202570264,711,2025-05-02,2024-05-03
72404412,202570502,711,2025-04-20,2025-05-06
72407287,202570768,510,2024-05-26,2024-06-07
72408555,202570791,504,2024-10-15,2025-10-17
72409216,202570896,101,2025-02-26,2024-03-03
72417620,202571092,607,2025-07-11,2025-07-24
72418579,202571190,702,2024-07-03,2025-07-10
72420749,202571277,409,2025-05-05,2024-05-08
72424339,202571412,712,2025-02-17,2024-03-01
72425665,202571524,507,2024-12-01,2025-12-11
72425890,202571558,701,2025-12-01,2025-12-08
72431681,202571647,807,2024-03-14,2024-03-27
72442007,202571655,509,2024-08-02,2025-08-11
72445380,202571737,419,2024-10-10,2025-10-18
72446096,202571878,414,2025-08-01,2025-08-14
72451638,202572120,514,2024-03-05,2024-03-18
72454594,202572421,801,2025-06-21,2024-06-23
72456676,202572447,204,2024-11-28,2025-12-03
72466943,202572749,306,2024-01-10,2025-01-22
72473681,202572967,708,2025-01-23,2024-02-05
72478315,202573080,408,2025-11-14,2025-11-16
72481059,202573515,708,2024-08-07,2024-08-08
72484280,202574256,701,2025-09-28,2025-10-11
72487412,202574449,715,2024-05-11,2024-05-22
72491958,202574717,209,2024-07-20,2025-08-04
72497882,202574718,304,2025-09-06,2025-09-17
72506991,202574740,718,2024-08-05,2025-08-06
72508347,202574794,305,2025-05-01,2024-05-06
72509153,202574819,215,2025-03-04,2025-03-12
72516151,202574989,501,2025-03-17,2024-03-28
72521141,202575099,605,2025-02-05,2025-02-09
72522333,202575154,818,2024-09-15,
72526863,202575189,816,2025-10-14,2025-10-25
72528477,202575239,610,2025-04-09,2025-04-19
72533108,202575282,502,2024-01-03,2025-01-15
72534057,202575385,514,2025-04-02,2024-04-09
72535575,202575454,816,2024-01-13,2025-01-21
72540622,202575940,615,2024-06-09,2025-06-11
72549184,202576052,703,2025-03-28,2025-04-14
72550567,202576069,113,2024-07-10,2025-07-24
72559269,202576441,812,2025-07-13,2025-07-16
72560041,202576748,616,2024-03-22,2024-04-01
72567352,202576760,401,2024-12-16,2024-12-28
72567921,202576819,501,2025-08-27,2024-09-12
72569216,202577020,505,2024-02-12,2025-02-21
72570521,202577442,203,2025-12-08,2025-12-17
72574177,202577762,312,2024-05-24,2025-06-08
72582307,202577843,119,2025-04-04,2024-04-09
72583467,202578115,209,2025-03-16,2024-03-24
72593491,202578316,303,2025-08-05,2025-08-14
72604520,202578548,702,2024-12-12,2025-12-24
72606904,202578639,305,2024-01-12,2025-01-21
72611321,202579074,114,2024-02-17,2024-03-02
72621860,202579090,612,2024-03-09,2025-03-22
72621999,202579611,118,2024-09-09,2024-09-18
72623411,202580350,318,2025-03-17,2024-03-25
72625705,202580487,606,2025-04-24,2025-05-07
72631284,202580530,409,2025-11-10,2024-11-20
72632975,202581345,308,2025-08-06,2024-08-11
72636823,202581428,318,2024-02-18,2025-03-02
72639351,202581884,511,2025-02-17,2025-02-20
72643272,202581970,515,2025-09-15,2025-09-21
72646265,202582015,105,2024-08-03,2024-08-17
72653289,202582105,211,2024-04-03,2024-04-12
72655940,202582145,512,2025-12-07,
72660780,202582480,616,2024-12-21,2025-12-25
72661664,202582602,107,2025-09-23,2024-09-26
72661721,202582869,706,2024-04-22,2024-04-25
72669278,202583048,509,2025-10-12,2024-10-15
72669280,202583117,613,2025-10-03,2024-10-12
72670702,202583234,810,2025-02-06,2025-02-12
72673101,202583703,718,2025-11-26,2025-12-01
72676513,202583815,607,2024-01-20,2024-01-22
72677881,202583914,110,2025-08-08,2025-08-15
72683872,202584012,811,2024-01-25,2025-02-05
72698019,202584220,514,2024-12-20,2026-01-05
72699601,202584397,805,2024-03-04,2025-03-16
72700453,202584449,708,2024-04-21,2024-05-03
72700909,202584601,214,2024-09-07,2025-09-13
72702794,202584689,611,2025-03-13,2025-03-26
72706892,202584823,508,2024-07-03,2024-07-13
72708426,202584902,205,2025-02-06,2025-02-15
72708856,202585270,609,2024-02-13,2024-02-17
72708955,202585310,304,2024-06-10,2025-06-20
72712935,202585619,301,2025-09-07,2024-09-16
72713797,202585811,511,2025-08-16,2025-09-01
72714435,202585982,507,2025-05-28,2024-06-03
72715448,202586143,118,2024-06-19,2024-06-22
72722896,202586485,318,2024-10-14,2025-10-19
72731352,202586725,618,2024-11-26,2025-12-06
72737242,202586779,804,2025-11-04,2024-11-07
72738497,202586871,309,2024-03-14,2024-03-18
72738927,202586973,607,2024-02-01,2024-02-13
72747120,202587105,716,2024-10-05,2025-10-10
72748758,202587154,716,2025-05-13,2025-05-26
72748976,202587220,516,2024-02-05,2025-02-15
72751105,202587255,714,2024-12-02,2025-12-07
72753536,202587481,609,2025-09-10,2025-09-21
72762460,202587771,605,2024-07-18,2025-07-26
72764469,202587786,108,2024-01-06,2025-01-16
72767292,202588054,812,2024-09-12,2025-09-17
72768593,202588095,415,2024-02-19,2024-02-27
72768794,202588240,401,2025-03-08,2024-03-20
72770205,202588397,706,2025-03-18,2025-04-01
72775439,202588574,318,2025-02-18,2025-03-01
72780062,202588729,401,2025-06-25,2024-07-08
72780870,202589292,315,2025-11-05,2024-11-07
72788396,202589381,217,2024-06-16,2025-06-27
72792808,202589834,412,2024-06-26,2024-07-05
72797524,202589864,119,2025-02-25,2024-02-26
72799067,202589941,814,2025-05-16,2024-06-02
72810538,202590145,712,2025-06-10,2025-06-17
72821893,202590174,407,2024-07-02,2025-07-05
72824556,202590280,216,2024-11-12,2025-11-15
72834108,202590594,107,2025-04-09,2025-04-20
72836013,202590762,616,2025-02-01,2025-02-05
72842381,202591047,208,2025-12-14,2024-12-17
72851575,202591053,818,2024-02-24,2025-03-08
72852582,202592363,207,2025-03-16,2024-03-18
72855913,202592467,514,2025-01-04,2025-01-18
72857272,202593027,111,2025-08-16,2025-08-25
72865523,202593175,510,2025-05-06,2025-05-14
72867913,202593405,514,2024-11-26,2024-12-11
72871707,202593476,312,2024-02-25,2025-02-26
72884754,202593599,810,2025-08-28,2024-09-03
72888649,202593617,412,2025-06-14,2025-06-18
72889208,202593856,812,2024-11-18,2024-11-23
72897752,202594078,709,2025-08-27,2025-09-06
72898047,202594330,410,2024-11-27,2025-12-01
72908024,202594340,103,2024-06-17,2025-06-21
72908580,202594834,208,2025-09-27,2025-10-11
72908887,202595286,207,2024-05-28,2025-06-07
72912385,202595354,811,2025-04-19,2025-04-28
72919504,202595535,619,2024-10-23,2024-10-28
72924159,202595557,810,2024-03-18,2024-03-25
72924263,202596143,401,2024-12-20,2024-12-22
72925314,202596282,710,2024-06-22,2025-07-04
72941118,202596340,112,2025-04-07,2024-04-10
72946571,202596459,602,2025-02-18,2024-02-19
72948099,202596721,604,2024-05-20,2024-05-28
72948776,202597291,115,2024-06-28,2025-07-03
72952829,202597528,712,2024-07-24,2025-08-02
72954312,202598248,714,2024-01-03,2025-01-13
72954494,202598595,204,2024-06-14,2024-06-27
72959189,202598651,707,2024-07-02,2024-07-16
72962671,202598686,516,2024-12-24,2025-01-05
72966097,202598725,718,2025-07-25,2024-08-08
72967178,202598751,707,2025-04-28,2025-05-07
72968507,202599004,710,2024-03-09,2024-03-20
72970108,202599090,117,2025-07-04,2024-07-05
72970353,202599569,304,2025-10-07,2025-10-17
72971996,202599583,206,2025-11-04,2024-11-18
72974704,202599699,107,2025-08-25,2025-09-03
72985528,202599830,514,2025-05-16,2025-05-27
72999150,202599930,302,2024-08-17,2024-09-03
