GuestID,Name,ContactNumber
202400267,Ellia Baker,07390212935
202400499,Edwin Hawkins,07331525793
202400739,Madaline Cunningham,07333743523
202401071,Samantha Hill,07311936886
202401305,Julia Bennett,07344147165
202401998,Eddy Stevens,07378088039
202402017,Hailey Stewart,07370677850
202402143,Michelle Richards,07384451960
202402304,Rubie Wright,07335718582
202402715,James Stevens,07386399092
202403354,Abigail Bailey,07303829217
202403460,Caroline Reed,07384673891
202403543,Walter Wells,07306915311
202403556,Belinda Scott,07354321870
202404646,Wilson Davis,07359976850
202404698,Rafael Bennett,07389821324
202404889,Amber Cameron,07383836928
202405278,Victor Andrews,07391584138
202405913,Alina Anderson,07378335796
202406402,Vanessa Holmes,07322447532
202406646,Sabrina Watson,07348947312
202406848,Tara Williams,07384149809
202407085,Edith Tucker,07370791482
202407137,Lyndon Casey,07399635152
202407237,Aida Kelley,07359386219
202407425,Martin Adams,07337907693
202407555,Ellia Riley,07394490608
202407600,James Edwards,07315651814
202407638,Frederick Johnston,07307661675
202408426,Hailey Andrews,07397085965
202408496,Antony Bennett,07385027234
202408700,Alford Richardson,07307342128
202408818,Edwin Mitchell,07303815535
202409358,Alford Carroll,07361061487
202409498,Vanessa Elliott,07348270462
202409529,Sarah Crawford,07335774656
202410139,Dominik Craig,07334766986
202410619,Tony Ross,07389309961
202411010,Fiona Clark,07356822560
202411295,Edward Cunningham,07392210746
202411473,Alan Russell,07390958531
202411647,Abigail Riley,07390486997
202411910,Albert Riley,07329709571
202412023,Cadie Harrison,07371452635
202412304,Lucia Myers,07369323309
202412895,Ryan Warren,07369015522
202413148,Mike Warren,07359653682
202413168,Thomas Edwards,07333212042
202413667,Rafael Mason,07306834737
202413733,Amelia Ellis,07387138577
202413902,Mike Hill,07364346193
202413993,Rafael Mitchell,07396609598
202414001,Alen Adams,07345294611
202414060,Sawyer Watson,07329454186
202414065,Chester Chapman,07338867403
202414243,Jasmine Jones,07376633769
202414748,Savana Perkins,07314501078
202414805,Camila Carroll,07332770762
202414839,Adelaide Evans,07353057834
202414999,Violet Andrews,07351024536
202415027,Adele West,07311853190
202415104,Alisa Hawkins,07368924420
202415186,Chester Alexander,07391506912
202415335,Edith Moore,07363212602
202415380,Charlie Turner,07345559069
202415388,Victoria West,07383126724
202415582,Isabella Payne,07365544676
202416203,Walter Taylor,07348092781
202416441,Melanie Henderson,07363546775
202416804,George Cooper,07377159828
202417179,Chloe Cunningham,07319233266
202417563,Camila Wilson,07302045658
202417615,Michael Roberts,07393198916
202417830,Aiden Thomas,07362945116
202418657,Melissa Murray,07307002529
202418879,Melissa Walker,07374620686
202418926,Cherry Owens,07332808163
202419237,Adelaide Nelson,07314353038
202419306,Violet Scott,07380763732
202419337,Blake Gray,07368529068
202419346,Henry Gray,07304362017
202419453,Steven Wells,07385905976
202419702,Hailey Parker,07301987743
202419710,Jessica Grant,07336267803
202419777,Victor Morgan,07375566224
202419838,Adison Miller,07376822890
202420167,Rosie Williams,07321656723
202420196,Edward Douglas,07391376656
202420898,Julia Perry,07338096052
202421346,Derek Kelly,07311618954
202421385,Lyndon Thompson,07379529414
202421459,Stuart Morgan,07389138613
202421496,Stuart Hunt,07356463813
202421758,Maddie Ferguson,07346725898
202422013,Eddy Kelley,07323144635
202422018,Tony Farrell,07325566628
202422127,Michael Carter,07372743200
202422303,Caroline Ferguson,07316086721
202422323,Kate Turner,07360321356
202422376,Adrian Morrison,07335040004
202422480,Carl Barnes,07392362762
202422657,Kellan Andrews,07316559378
202422860,Walter Owens,07392645874
202423433,Adam Clark,07307542982
202423528,Vanessa Murphy,07368222888
202423649,William Tucker,07393840634
202423822,Rebecca Kelley,07343477626
202424104,Ned Murphy,07399005025
202424192,Lucas Crawford,07372566831
202424288,Daryl Barrett,07307393550
202424312,Melissa Clark,07324651737
202424797,Derek Jones,07358822819
202425366,George Thomas,07327246231
202425517,Ryan Johnston,07305967572
202425562,Marcus Hill,07359828537
202425633,Roman Anderson,07381329693
202425790,Jacob Stewart,07321444880
202425837,Alissa Crawford,07357598973
202426428,Alberta West,07305495315
202426625,Jordan Cunningham,07350566504
202426726,Grace Campbell,07328593566
202426756,Aston Bailey,07364576410
202426824,Antony Watson,07322862887
202427132,Sabrina Richardson,07313473314
202427337,Freddie Hunt,07360345156
202427673,Briony West,07326227952
202427865,Kelvin Lloyd,07352236879
202428113,Agata Ryan,07388159551
202428120,Olivia Mitchell,07320531781
202428155,Elise Scott,07330499640
202428288,Maddie Baker,07376029221
202428421,William Richards,07329064443
202428601,Kirsten West,07353770185
202428620,Madaline Campbell,07301655127
202428952,Sofia Wright,07364592089
202429116,Andrew Barrett,07370702317
202429403,Alexia Andrews,07397458718
202429481,Robert Cameron,07304944642
202429642,Albert Douglas,07350993979
202429928,Miley Wilson,07379640236
202430068,Chelsea Carter,07371773921
202430249,Caroline Grant,07316689460
202430323,Kristian Johnson,07382483656
202430484,Leonardo Hall,07361011030
202430933,Alexia Craig,07324281890
202430941,Gianna Casey,07383363183
202430972,Arnold Johnston,07339390214
202431151,Daniel Bailey,07356681041
202431209,Byron Payne,07397224062
202431418,Maria Douglas,07304035105
202431592,Alfred Cameron,07384197499
202432536,Fiona Murphy,07373350468
202432582,Audrey Wells,07336607435
202432825,David Davis,07348607919
202433060,Alina Jones,07332766297
202433063,Florrie Higgins,07347874235
202433688,Carlos Sullivan,07358791269
202434110,Dainton Richardson,07324671273
202434493,Stuart Owens,07395830672
202434743,Dale Holmes,07396929216
202434927,Madaline Morgan,07340337083
202435158,Catherine Ross,07320804523
202435309,Brianna Davis,07302488285
202435362,Alen Bailey,07316305286
202435556,Lucy Armstrong,07316646069
202435594,Vanessa Roberts,07342871694
202435597,Naomi Craig,07383779661
202435888,Vincent Perkins,07300662562
202435918,Arnold Ferguson,07329826811
202436174,Ada Edwards,07376394512
202436356,Alissa Holmes,07385923699
202436653,Caroline Morris,07330881020
202436790,Brooke Gibson,07382804224
202437177,Sam Adams,07380108684
202437379,Ashton Spencer,07379519517
202437505,Camila Hunt,07385432655
202437518,Chelsea Dixon,07398215026
202437793,Nicholas Wilson,07343917769
202438177,Owen Thompson,07312250715
202438859,Carlos Spencer,07378918990
202438988,Harold Wells,07320703965
202439097,Arnold Montgomery,07307365615
202439152,Sienna Stewart,07377369674
202439186,Arnold Baker,07301636229
202439774,John Allen,07346293818
202439842,Edgar Davis,07324325204
202439929,Rafael Cunningham,07332045250
202440056,Jenna Hall,07322153380
202440120,Spike Barrett,07367360101
202440177,Daniel Montgomery,07390495734
202440543,Jordan Murphy,07356418872
202440740,Tony Watson,07364174358
202440780,Rosie Campbell,07384990384
202440903,Nicole Stewart,07352728315
202441289,Tony Ellis,07337284283
202441299,Thomas Barnes,07302769382
202441334,Fenton Higgins,07348126084
202441508,Alisa Roberts,07381469432
202441610,Kristian Barnes,07315142641
202441627,Reid Scott,07381354064
202442014,Bruce Myers,07309376441
202442665,Jenna Evans,07381466819
202442838,Alina Lloyd,07311048908
202442894,William Nelson,07318329928
202442940,Rosie Morris,07305116958
202443407,William Chapman,07390317075
202443761,Vanessa Richardson,07380497045
202443812,Rosie Tucker,07368170771
202444103,Alexander Higgins,07365508285
202444762,Edward Hamilton,07301461574
202445078,Grace Morrison,07335976235
202445114,Maddie Hall,07352086899
202445556,Byron Wright,07370470751
202445615,Samantha Taylor,07305963246
202445630,Adelaide Smith,07323389558
202445659,Jessica Payne,07361774969
202445754,Ada Thompson,07347447154
202445812,Joyce Cunningham,07314739005
202446215,Victor Henderson,07333753647
202446230,Lucas Mitchell,07364801726
202446276,Alen West,07369557456
202446608,Victoria Johnston,07361905002
202446689,Maria Owens,07364300640
202446712,Cherry Dixon,07309067231
202446748,Vanessa Perry,07318533395
202446832,Lana Walker,07380775389
202447007,Audrey Fowler,07338125535
202447011,Amelia Hunt,07318290035
202447062,Julia Sullivan,07359529570
202447176,Carlos Murphy,07354307092
202447222,Amelia Bennett,07326221740
202447251,Briony Hunt,07371267751
202447276,Julia Crawford,07399929336
202447305,Oliver Dixon,07377444007
202447389,Ryan Ryan,07330613841
202447434,Rafael Morris,07332440246
202447514,Emma Martin,07397105960
202447695,Abigail Evans,07324676670
202447812,Brad Fowler,07376995976
202447870,Andrew Ryan,07387855882
202448225,James Jones,07363667483
202448302,Vanessa Barrett,07320997680
202448320,Florrie Wilson,07399093263
202448439,Vivian Williams,07307569797
202448645,Antony Holmes,07355045151
202449151,Tara Henderson,07369565451
202449394,Maximilian Wilson,07376621626
202449501,Haris Gray,07365570282
202449815,Sabrina Craig,07369306650
202449878,Richard Hamilton,07350818539
202449985,Victoria Mitchell,07399272037
202450294,Lucia Wilson,07346532775
202450620,Sofia Thomas,07397288559
202450865,Maya Harrison,07316363651
202450899,Stuart Campbell,07302741519
202451063,Cherry Barrett,07352566729
202451395,Sienna Smith,07367029267
202451715,Chloe Mason,07374229591
202451785,Aston Dixon,07386801867
202451932,Jordan Armstrong,07318559952
202452010,Lucas Gray,07313739257
202452181,Edith Williams,07380807303
202452616,Adelaide Myers,07335078839
202453029,Jared Moore,07307189162
202453037,Tara Allen,07344196558
202453040,Alina Phillips,07366722896
202453130,Justin Higgins,07312955608
202453209,Dominik Harper,07374446407
202453728,Adrian Johnson,07388671273
202454065,Walter Hall,07350267093
202454484,Adelaide Kelley,07377865409
202454519,Blake Casey,07367824817
202454819,Elian Wells,07334953279
202454929,Miranda Thomas,07302452858
202454935,Lydia Martin,07344967376
202454986,Alissa Ferguson,07360271865
202455264,Honey Smith,07321852498
202455567,Joyce Taylor,07352041805
202455884,Dale Brooks,07328063034
202456487,Ned Harrison,07342393901
202456520,Alissa Spencer,07308085082
202456921,Aston Morrison,07358601792
202457250,Violet Johnston,07301155481
202457336,Julian Perkins,07301421769
202457525,Dominik Alexander,07379024376
202457566,April Perry,07320811170
202458050,Abraham Montgomery,07315454602
202458148,Maria Parker,07362151494
202458235,Jordan Hill,07306702553
202458423,Maria Moore,07327469084
202458507,Kristian Carroll,07363430324
202459170,Eddy Russell,07360653192
202459513,James Phillips,07315331845
202459565,Daniel Warren,07304924204
202459720,Annabella Ross,07337085703
202459877,Alen Johnston,07366992011
202459967,Brad Allen,07375899068
202460107,Rebecca Anderson,07330902060
202460332,James Johnston,07331854517
202460462,Hailey Ross,07327634235
202460470,Edith Perkins,07369130589
202460487,Walter Carter,07332690496
202460504,Adele Hunt,07365984431
202460554,Tess Perry,07336164319
202460582,Arianna Wells,07325748145
202461138,Caroline Hawkins,07320812337
202461174,Fiona Payne,07339189103
202461256,Adrianna Wells,07352362795
202461296,Clark Kelley,07350371965
202461354,Jack Taylor,07350670659
202461665,Darcy Clark,07391685674
202461902,Lyndon Williams,07368548004
202461996,Sawyer Montgomery,07354921003
202462418,Adison Evans,07309230313
202462499,Lilianna Armstrong,07360381442
202462651,Grace Casey,07382351673
202462730,Tony Rogers,07333744478
202462746,Chloe Lloyd,07327431588
202463055,Adrianna Perry,07324193759
202463525,Dainton Reed,07321385061
202463694,James Clark,07334008130
202464066,Brooke Foster,07364621179
202464441,Paul Campbell,07366448883
202464532,Chelsea Johnston,07337371411
202464890,Rebecca Turner,07320674010
202464919,Aldus Murray,07316104149
202465436,Blake Cameron,07303747447
202465547,Max Morgan,07368297194
202465762,Victor Bennett,07383293855
202466027,Rosie Allen,07367539803
202466049,Ada Wilson,07390618050
202466330,Deanna Wright,07353256521
202466354,Olivia Perkins,07339554405
202466355,Stella Riley,07383814645
202466411,Cherry Fowler,07371897030
202466545,Myra Payne,07334351565
202466683,Max Richardson,07396834231
202466964,Florrie Richardson,07319543990
202466975,Alexia Murphy,07374293970
202467000,Olivia Thompson,07312469190
202467037,Steven Chapman,07319093349
202467049,Edgar Morrison,07389355219
202467062,Honey Scott,07351886985
202467356,Alen Riley,07381389046
202467782,Briony Armstrong,07368691965
202467831,Blake Nelson,07395413072
202468213,Lucia Thompson,07371502220
202468223,Eddy Hunt,07380208015
202468453,Lucas Cunningham,07319023023
202468569,Tony Cole,07373500489
202468694,Michelle Riley,07364459410
202468766,Fenton Williams,07351049372
202469111,Antony Harrison,07385549893
202469484,Frederick Rogers,07396043196
202470114,Abigail Gibson,07308824544
202470521,Connie Fowler,07373548915
202470664,Miller Barrett,07336577769
202470790,Ned Robinson,07354214582
202470850,Lucia Kelley,07390487493
202471445,Kellan Montgomery,07381625616
202471489,Thomas Johnston,07330749681
202471659,Chloe Edwards,07361990092
202472639,Alan Reed,07388615460
202472684,Edward Brown,07384818837
202472897,Sam Davis,07322335357
202472996,Daniel Moore,07332193680
202473149,Brooke Alexander,07316926360
202473438,Arthur Alexander,07362901515
202473718,Walter Howard,07339839846
202473720,Fiona Harris,07300591159
202474037,Miley Cameron,07387241380
202474230,Charlotte Ferguson,07322878223
202474394,Alfred Richards,07342398641
202474959,Albert Wilson,07356100474
202474982,Adrian Ryan,07350736514
202474989,Henry Thomas,07322998985
202475498,Ada Jones,07393144048
202476000,Luke Turner,07369776792
202476129,Gianna Harrison,07392623421
202476664,Florrie Thomas,07392254831
202476789,James Miller,07340098732
202476948,Ada Casey,07313049449
202477195,Alexia Gray,07302097973
202477344,Lucy Johnston,07331413060
202477597,Melissa Campbell,07351277042
202477762,Tara Hill,07302644548
202477820,Kelvin Walker,07399165342
202477880,Anna Campbell,07362537199
202478322,Jessica Harrison,07312171587
202478382,Audrey Gibson,07344837225
202478569,Alissa Baker,07316541205
202478771,Charlotte Stevens,07337098059
202479206,Miley Ryan,07315686679
202479308,Cadie Gibson,07364587379
202479325,David Higgins,07372215265
202479570,Heather Williams,07313370252
202479819,Maddie Allen,07351123692
202479835,Valeria Thompson,07336824398
202479839,Eddy Watson,07300981021
202479997,Ellia Mason,07388875028
202480063,Jacob Thomas,07356302962
202480286,Carlos Armstrong,07367860160
202480328,Maya Cunningham,07317166798
202480357,Isabella Carter,07324904595
202480453,Haris Warren,07347761081
202480607,Kimberly Hamilton,07321953174
202480755,Jordan Mitchell,07349473713
202480949,Lucas Parker,07327427520
202481045,Paul Richardson,07392525834
202481047,Aiden Brown,07399302324
202481224,Miranda Stewart,07382599578
202481456,Ted Barrett,07354659432
202482033,Edward Kelly,07320129483
202482060,Jenna Nelson,07360502242
202483248,Florrie Stewart,07389276252
202483289,Spike Parker,07318479676
202483515,Dexter Sullivan,07360571607
202483971,Darcy Moore,07334290449
202484593,Sienna Brooks,07335222594
202484736,Rafael Lloyd,07383006704
202485147,Edith Chapman,07339197027
202485191,Deanna Higgins,07321108781
202485251,Lyndon Carter,07310094814
202485338,Naomi Alexander,07309034911
202485507,Fiona Howard,07323332434
202485592,Edgar Clark,07364233862
202485627,Miranda Grant,07395918671
202485661,Miller Hunt,07301306272
202485710,Catherine Lloyd,07359872396
202485778,Carl Wells,07326898584
202485922,Annabella Casey,07359305997
202486089,Daisy Barrett,07374431575
202486101,Eddy Harper,07301007833
202486307,Michael Barnes,07377202317
202486336,Alissa Russell,07331536245
202487115,Valeria Jones,07359331244
202487756,Olivia Watson,07382524120
202488028,Henry Brooks,07315278342
202488175,Tiana Chapman,07316965775
202488285,Kevin Lloyd,07360189555
202488353,Steven Cameron,07392264066
202488568,Vanessa Ross,07319045556
202488610,Isabella Cameron,07317888885
202488657,Sydney Casey,07305001397
202489311,Olivia Barnes,07379603040
202490270,Myra Campbell,07362194245
202490541,Aida Elliott,07347680740
202490771,Andrew Parker,07393749445
202490783,Tess Myers,07311553728
202491059,Byron Murphy,07371752025
202491085,Heather Robinson,07392077311
202491242,James Bailey,07392613624
202491376,Kelvin West,07308298587
202491503,Aiden Crawford,07341473085
202491707,Rubie Scott,07347622372
202491929,Cadie Owens,07391700452
202492118,Sydney Gray,07378444894
202492125,Lana Thomas,07325585776
202492326,Isabella Russell,07319417575
202492398,Edward Myers,07307649133
202492810,Naomi Mason,07329465924
202492991,Carlos Hunt,07396713368
202493377,Melissa Harris,07362356562
202493456,Stella Murray,07312555719
202493956,George Rogers,07384774575
202494459,Maximilian Casey,07335436469
202494594,Maddie West,07337164225
202494760,Michelle Watson,07342278026
202495005,Vanessa Smith,07382432880
202495060,Alexia Baker,07375263079
202495490,Penelope Wells,07348699842
202495734,Violet Rogers,07329329293
202496125,Dainton Chapman,07314484149
202496276,Martin Wilson,07378438620
202496514,Alford Dixon,07394560946
202496536,Mary Payne,07320297707
202496615,Ellia Reed,07347787308
202496921,Blake Parker,07363423182
202497014,Clark Ellis,07327425381
202497147,Ryan Davis,07315995175
202497166,Emily Allen,07333049907
202497205,Alina Adams,07344007274
202497255,Frederick Martin,07325078590
202497429,Lyndon Murphy,07341963672
202497517,Vivian Montgomery,07343576873
202497651,John Campbell,07334496020
202497695,Tony Craig,07335943693
202497780,Paul Henderson,07343570522
202497862,Arnold Richards,07365391626
202498446,Frederick Alexander,07345402704
202498478,Mary Johnston,07360579223
202498725,Walter Henderson,07352620542
202498788,Carlos Crawford,07331252447
202498796,Maddie Wells,07392318454
202498940,Savana Myers,07352111188
202499077,Jared Hunt,07382755126
202499814,Amber Cooper,07353470121
202500273,Martin Mason,07358130631
202500395,Maddie Morrison,07304342176
202500502,Kelsey Anderson,07300723527
202500535,Rebecca Harris,07364488553
202501135,Kelvin Anderson,07376468992
202501245,Lily Harris,07369034037
202501506,Joyce Cole,07339248971
202501511,Sarah Dixon,07361947645
202501584,Alexia Nelson,07390053959
202502184,Rubie Grant,07305874560
202502244,Carl Mason,07375917475
202502390,Preston Campbell,07346977041
202502644,Eleanor Tucker,07308601189
202502662,Alen Wells,07356288494
202502862,Jessica Tucker,07334849518
202502910,Florrie Carter,07355577153
202502962,Aida Richardson,07329759701
202502994,Nicole Craig,07318647818
202503474,Kelvin Kelly,07329520131
202503521,Tony Gray,07332327065
202503750,Alfred Hawkins,07316006867
202503957,Elise Wright,07301296003
202504246,Michelle Cunningham,07378867636
202504578,Valeria Parker,07314697849
202504622,Aldus Payne,07382987632
202504679,Adison Lloyd,07386960191
202504748,Clark Warren,07377086239
202505008,Marcus Walker,07381674940
202505272,Anna Hamilton,07392544029
202505280,Natalie Wilson,07389184270
202505320,William Mitchell,07313879838
202505621,Jordan Elliott,07302708492
202505738,Edith Clark,07342897436
202505783,Oscar Campbell,07374231041
202505796,Connie Cole,07383287430
202505872,James Lloyd,07305282408
202506542,Arianna Gibson,07356778513
202506735,Ryan Williams,07363178430
202506760,James Wells,07365764175
202506772,Nicole Cunningham,07355706582
202506895,Evelyn Walker,07344561069
202506945,Jordan Kelley,07385043574
202506977,Steven Cooper,07380830773
202507333,Derek Dixon,07347682356
202507418,Savana Casey,07330631976
202507660,Camila Rogers,07314984205
202507688,Samantha Robinson,07399481104
202507801,Vincent Cooper,07328528272
202508567,Tara Carter,07357814225
202508617,Roland Grant,07315465121
202508763,Arianna Dixon,07301757604
202509102,Sabrina Andrews,07343496851
202509253,Arianna Tucker,07305822392
202509265,Deanna Warren,07306099198
202509324,Leonardo Ryan,07306847887
202509371,Oscar Cunningham,07389033489
202509632,Antony Gibson,07324259263
202509705,Agata Ferguson,07365263868
202509734,Arnold Parker,07377131423
202509867,Oliver Andrews,07337542968
202510249,Chloe Cameron,07372677222
202510309,Daryl Kelley,07333154156
202510310,Aida Thomas,07357943009
202510476,Derek Cooper,07355570148
202510616,William Perkins,07310079599
202511295,Chloe Alexander,07316010754
202511884,Maximilian Ellis,07315232298
202512016,Chelsea Brown,07399437494
202512097,Michelle Stewart,07345409282
202512177,Antony Taylor,07396960642
202512538,Edith Casey,07340373109
202512793,Alberta Holmes,07321633391
202512846,Florrie Adams,07305475489
202512883,Deanna Anderson,07310763594
202512979,Richard Morrison,07380113176
202513189,Dexter Perkins,07338796996
202514618,Connie Warren,07304964623
202514636,Preston Cameron,07317608345
202515063,Edwin Wells,07361172734
202515117,Antony Brown,07359961050
202515145,Kristian Cunningham,07368172659
202515396,Isabella Craig,07358776162
202515421,Amanda Fowler,07321510938
202515562,Edward Bennett,07388692666
202515671,Haris Chapman,07370528698
202515774,Naomi Chapman,07306007570
202515878,James Myers,07337049672
202516157,Annabella Perkins,07384643126
202516251,Sawyer Bailey,07336484591
202516282,Aldus Bennett,07398626239
202516424,Audrey Gray,07378677412
202516502,Chester Phillips,07319520175
202516667,Darcy Higgins,07384138544
202517130,Lana Ryan,07338909510
202517253,Isabella Fowler,07321051342
202517325,Lenny Cameron,07384358791
202517336,Lenny Hunt,07346092226
202517479,Stella Wells,07354990688
202517515,Lucy Clark,07369422238
202517635,Alford Hamilton,07330171027
202517740,Emily Cole,07387321228
202517848,Andrew Morris,07355441480
202518044,Lana Montgomery,07374988509
202518157,Jacob Dixon,07309369624
202518292,Fenton Farrell,07375055033
202518315,Fiona Stevens,07306538513
202518517,Rubie Dixon,07343800397
202519258,Arthur Gray,07342305521
202519703,Lydia Thomas,07384765934
202519875,Ada Russell,07317438094
202520086,Amelia Walker,07375240796
202520299,Brooke Morrison,07398371656
202520576,Camila Hall,07333300492
202520838,Cherry Stewart,07393571163
202520854,William Edwards,07331490072
202520964,Miranda Henderson,07389774666
202522219,Vivian Henderson,07376942124
202522750,Kimberly Cole,07387747383
202523006,Harold Tucker,07390476758
202523172,Caroline Foster,07306034270
202523649,Garry Cole,07331020674
202524410,Jack Farrell,07344710269
202524854,Dainton Barnes,07306518937
202525029,George Watson,07314071953
202525069,April Edwards,07372746691
202525099,Jasmine Wilson,07327036413
202525327,Albert Cooper,07306149959
202525346,Honey Warren,07327263698
202525446,James Campbell,07324070532
202525673,Rubie Alexander,07335973694
202525764,Chelsea Barnes,07371507098
202526002,Clark Barnes,07332780182
202526054,Garry Carroll,07334114361
202526113,Miley Bailey,07370780689
202526217,Anna Smith,07354750021
202526242,Leonardo Henderson,07339779257
202526439,Richard Holmes,07394352692
202526443,Madaline Foster,07317832770
202526603,Jacob Riley,07315807003
202526860,Oscar Jones,07372964331
202526912,Alissa Bennett,07359534510
202527450,Nicholas Ryan,07313974388
202527461,Blake Campbell,07339993075
202527662,Amy West,07327531598
202528129,Kate Hunt,07399705141
202528265,Kate Brown,07364984175
202528583,Kelsey Hall,07392910081
202528646,April Thompson,07371152231
202528675,Clark Allen,07340668002
202529042,Lily Gibson,07385206705
202529108,Arianna Scott,07335916467
202529112,Blake Mitchell,07350748833
202529204,Stella Phillips,07366083904
202529472,Daniel Barrett,07392566616
202529606,Dominik Richardson,07301771731
202529768,Fenton Hunt,07374471084
202529814,Henry Robinson,07395745637
202529968,Richard Brooks,07399467191
202530037,Max Spencer,07365206394
202530317,Myra Richards,07303806259
202530376,Adelaide Thomas,07354519681
202530618,Hailey Higgins,07305041753
202530672,Tyler Farrell,07390551130
202531013,Charlie Clark,07309591927
202531112,Isabella Gibson,07338753295
202531250,Amelia Elliott,07383179105
202531496,John Wells,07383602462
202532022,Alina Wells,07336553585
202532391,Naomi Murray,07381370664
202532562,Brad Payne,07374936744
202532797,Marcus Wells,07302986493
202532915,Wilson Bailey,07371659548
202533321,Owen Moore,07334661977
202533346,Agata Wilson,07315978064
202533460,Valeria Brooks,07367779518
202533698,Julia Chapman,07330042222
202534034,Lucia Casey,07324871304
202534186,Carl Gray,07374055793
202534316,Henry Ryan,07391936209
202534449,Michelle Casey,07397184381
202534462,Miranda Wright,07324673416
202534583,Connie Edwards,07371564310
202534946,Carlos Evans,07310151671
202535042,Carl Hawkins,07351068376
202535085,Nicholas Grant,07307204211
202535229,Chloe Hill,07381162026
202536012,Myra Carter,07337670468
202536287,Roman Murphy,07362366109
202536593,Melanie Stevens,07341117698
202536639,Lucy Edwards,07347967962
202536733,Alisa Harper,07300834234
202536769,Frederick Nelson,07308783594
202536826,David Andrews,07376829556
202536900,Freddie Cooper,07361782047
202537855,Michelle Payne,07341586741
202537885,Justin Davis,07374572874
202538494,Julia Campbell,07399609427
202538696,Elise Barnes,07389012142
202538808,Arnold Edwards,07399518165
202538844,Harold Ellis,07340159409
202538983,Miranda Morris,07336513049
202539252,Tyler Morrison,07343153376
202539326,Amy Murray,07353611429
202539621,Paige Craig,07309026802
202539623,Leonardo Morris,07322436148
202540071,Violet Payne,07382905632
202540112,Lucia Barnes,07334766289
202540833,William Craig,07343807553
202541171,Richard Fowler,07376142063
202541326,Lucia Elliott,07345578097
202541458,Lucas Morgan,07321921573
202541507,Kristian Harris,07364448410
202541588,Eleanor Armstrong,07338353146
202541855,Rebecca Murphy,07388414535
202542211,Kate Davis,07368278753
202542221,Leonardo Thomas,07324744005
202542245,Preston Scott,07311808190
202542373,Max Perkins,07398727005
202543045,Rosie Watson,07350191127
202543542,Grace Phillips,07371488801
202543839,Ashton Ross,07375288108
202543934,Arthur Robinson,07315910103
202544025,Nicholas Wells,07372922349
202544103,Sawyer Fowler,07319135556
202544265,Fenton Henderson,07390380991
202544762,Vincent Crawford,07301028591
202545262,Nicholas Cunningham,07330615977
202545806,Cadie Cameron,07323454971
202546055,Harold Roberts,07300584685
202546319,Tara Harrison,07379516567
202546950,Brooke Perry,07319515729
202547048,Agata Craig,07307283805
202547175,Marcus Higgins,07333456283
202547225,Alissa Davis,07300353865
202547639,Adrianna Armstrong,07365268315
202547642,Alberta Douglas,07315244190
202547833,Reid Jones,07347974084
202547941,Daniel Cunningham,07319613155
202548309,Rosie Dixon,07318473083
202548410,Daisy Murphy,07329376595
202548486,April Clark,07381663321
202548603,Edith Cole,07399690175
202548700,Justin Nelson,07307966984
202549027,Daisy Stewart,07351695604
202549184,Adam Russell,07329893351
202549239,Maria Ellis,07325261260
202549402,Daniel West,07379637577
202550026,Fiona Taylor,07368105533
202550125,Chester West,07363471098
202550311,Lenny Carter,07309690568
202550400,Kellan Walker,07383197758
202550611,Madaline Bennett,07319974995
202550735,Justin Ross,07336922012
202550746,Amanda Campbell,07336005640
202550879,Fenton Grant,07396275561
202551078,Carlos Martin,07369732801
202551405,Edward Thompson,07335282448
202551932,Amanda Murphy,07376282643
202551949,Alford Moore,07369118700
202552871,Florrie Smith,07300359992
202552913,Elise Clark,07348535148
202553076,Brianna Bailey,07369424168
202553257,Sophia Cole,07334929487
202553264,Amelia Ross,07317139860
202553271,Ted Baker,07300353042
202554300,Brad Lloyd,07313474036
202554687,Jordan Moore,07343179796
202554908,Adam West,07316624395
202555053,Kelsey Chapman,07311041057
202555413,Edward Cooper,07326680449
202555493,Aida Alexander,07362142406
202555575,Michael Mitchell,07388332023
202555812,Kelsey Gibson,07375913179
202556358,Abraham West,07389535514
202556695,Edwin Andrews,07346652167
202556951,Bruce Alexander,07352847748
202557012,Carlos Wright,07314279213
202557277,Vincent Robinson,07344444276
202557448,Adele Stewart,07323348867
202557587,Victor West,07383215604
202557759,Michael Harris,07342878270
202557837,Adrian Turner,07339801402
202557913,Briony Walker,07302768036
202557919,Evelyn Foster,07302293911
202557946,Jenna Watson,07375395200
202558200,Natalie Stevens,07350554356
202558766,Julian Fowler,07378336101
202558793,Jared Perry,07341683956
202558988,Abigail Mason,07343312487
202559346,Justin Montgomery,07325993268
202559421,Rebecca Baker,07358512588
202560229,Sabrina Kelley,07379336970
202560355,Nicole Carroll,07312400688
202560617,George Russell,07315083397
202561008,Carina Ryan,07331905185
202561215,Honey Riley,07343304220
202561272,Luke Wells,07358321054
202561355,Mike Morris,07334279508
202561409,Amanda Smith,07360815465
202561494,Myra West,07392481838
202561589,Brianna Barnes,07395168083
202561657,Albert Hill,07313100686
202561666,Martin Casey,07324604234
202562411,Michelle Grant,07346043075
202562603,Amy Higgins,07397858475
202562800,Luke Russell,07322464630
202562813,Clark Chapman,07357538431
202563101,Sydney Spencer,07397619068
202563129,Vivian Armstrong,07362929663
202563167,Natalie Barnes,07354978424
202563208,Sophia Gray,07384193285
202563262,Lana Craig,07322772990
202563439,Kristian Mitchell,07345324980
202563571,Miranda West,07302583787
202563693,Catherine Douglas,07339937797
202563957,Michelle Smith,07399907179
202564077,Violet Cooper,07384358193
202564231,April Richards,07326846170
202564240,Dainton Allen,07329032958
202564248,Alberta Smith,07398065474
202564563,Alina Taylor,07353660977
202564653,Sabrina West,07335568336
202564669,Reid Nelson,07312417040
202564938,Natalie Ferguson,07316581338
202564969,Carina Crawford,07353880813
202565266,Agata Murphy,07304357669
202565447,Mike Campbell,07373178198
202565789,Eddy Fowler,07335178261
202565911,Aston Martin,07379324075
202565959,Elian Morrison,07342847528
202566129,Edgar Brooks,07395073127
202566138,Belinda Andrews,07336534263
202566177,Kelsey Williams,07308401909
202566407,April Cunningham,07394654737
202566543,Gianna Craig,07322454836
202566608,Miller Ryan,07389363743
202566638,Lucas Phillips,07323217084
202566965,Andrew Spencer,07384054954
202567158,Luke Bailey,07372902286
202567200,Aldus Cooper,07313874671
202567245,Brianna Kelly,07302077367
202567316,Dale Richards,07369518280
202567600,Natalie Bailey,07322865267
202567824,Alina Dixon,07378986411
202568136,Isabella Riley,07377022149
202568273,Lenny Wright,07358948721
202568283,Jessica Martin,07324277726
202568325,Abraham Hill,07327379327
202568345,Kelvin Carter,07313400021
202568389,Hailey Payne,07330365895
202569069,Preston Ellis,07398182020
202569162,Violet Harris,07398551847
202569326,Maya Evans,07376204138
202569669,Carina Foster,07364653405
202569853,Paige Harrison,07344963355
202569953,Miller Davis,07330062864
202570053,Stuart Kelley,07323260943
202570123,April Montgomery,07355985162
202570290,Dominik Parker,07331202685
202570620,Vanessa Hill,07356218627
202570830,Stuart Stewart,07394051609
202570907,Luke Mitchell,07354047694
202570957,Amber Russell,07311050942
202571007,Maddie Dixon,07362262081
202571274,Bruce Johnston,07354257118
202571495,Brianna Fowler,07311752095
202571888,Honey Lloyd,07369462001
202571996,Lilianna Martin,07319422564
202572017,Gianna Russell,07303697684
202572127,Oscar Rogers,07392633419
202572555,Roland Harris,07380143826
202572730,Julia Murphy,07342751363
202572773,Reid Lloyd,07317675049
202573037,Adrianna Adams,07350067685
202573191,Alissa Murphy,07332055074
202573286,Haris Andrews,07309979444
202573365,Justin Kelly,07310196951
202573627,Eddy Carroll,07310449112
202573797,Eric Wilson,07322018082
202574213,Sawyer Gibson,07326418937
202574289,Stella Farrell,07375951687
202574367,Kate Lloyd,07318621966
202574488,Camila Douglas,07301622568
202574665,Rosie Harper,07357875735
202574956,Ryan Kelley,07398184890
202575004,Rafael Barrett,07320240474
202575232,Alisa Hall,07392531123
202575452,Garry Kelley,07309263165
202575645,Rebecca Phillips,07399975253
202575703,Derek Harris,07351805424
202575885,Penelope Walker,07332260238
202575996,Amelia Owens,07388821343
202576048,Amelia Harrison,07397938466
202576092,Brooke Watson,07373743562
202576099,Melanie Anderson,07354081015
202576242,Patrick Hunt,07381265079
202576397,Nicole Gray,07331963934
202576600,Samantha Bailey,07372609288
202576742,Alissa Perkins,07323234411
202576867,Andrew Owens,07390311090
202576977,Kimberly Ross,07363416109
202577061,Frederick Douglas,07313807671
202577099,Abigail Perry,07304664322
202577282,Kirsten Roberts,07351043985
202577330,Max Holmes,07301929565
202577508,Elise Morrison,07356492307
202578073,Evelyn Perry,07334613547
202578227,Martin Williams,07350066366
202578286,Lyndon Mitchell,07391705730
202578755,Reid Johnson,07378662503
202579018,Marcus Stevens,07350874114
202579281,Kirsten Parker,07379758092
202579480,Paige Jones,07378076969
202579616,Blake Ross,07351292567
202579623,Sawyer Foster,07349545917
202579712,Isabella Casey,07362411810
202579759,Tess Phillips,07353782715
202579761,Aiden Ross,07344201728
202579766,Heather Clark,07300054882
202579863,Sophia Hawkins,07307239929
202579876,Alan Ryan,07334707132
202579988,Samantha Lloyd,07334165016
202580029,Isabella Roberts,07370686580
202580275,Mary Edwards,07369060807
202580366,Jared Nelson,07375971159
202580930,Brad Carroll,07315464454
202581139,Dominik Morris,07309870482
202581144,Lyndon Edwards,07399846855
202581231,Charlie Anderson,07347388703
202581495,Catherine Parker,07385585667
202581510,Maya Armstrong,07331376028
202582010,Stella Thomas,07349666049
202582157,Albert Richards,07386884960
202582742,Ryan Bailey,07358274691
202583387,Carina Turner,07326875245
202583821,Wilson Wells,07335037713
202583918,Charlie Henderson,07323418057
202584704,Alberta Allen,07383455257
202585211,Dale Hall,07342976494
202585771,Honey Russell,07316965890
202585952,Albert Mason,07390051754
202586113,Adam Gibson,07378208812
202586809,Alan Bailey,07359135474
202586816,Owen Barrett,07301680924
202587084,Carl Carroll,07368189898
202587451,Mary Phillips,07364250397
202587849,Alford Phillips,07376909887
202588294,Miller Myers,07333874145
202588346,Savana Cooper,07313442610
202588348,Bruce Davis,07378339500
202588394,Arianna Gray,07332293778
202588614,Kate Ferguson,07372455736
202588700,Garry Wells,07312835582
202588893,Deanna Barrett,07317698160
202589144,April Casey,07329841706
202589268,Isabella Reed,07303252074
202589754,Connie Farrell,07376494255
202589789,Tyler Grant,07391631057
202589990,Jack Turner,07355085071
202590173,Leonardo Craig,07327735501
202590566,Edgar Farrell,07346587563
202590614,Adele Clark,07331466967
202590787,Cherry Hamilton,07369646071
202590830,Lilianna Montgomery,07392485632
202591024,Michelle Warren,07357940048
202591026,Alberta Bennett,07333000082
202591313,Dainton Campbell,07350979089
202591661,Paige Bailey,07384983266
202591925,Lily Craig,07313227523
202592023,Amy Hunt,07393040166
202592530,Freddie Stevens,07362669828
202592565,Ned Rogers,07387923340
202592930,Maximilian Scott,07344342648
202592996,Victor Wilson,07334077818
202593028,Roman Clark,07396002837
202593182,Ellia Sullivan,07382766687
202593343,Roland Williams,07315844812
202593351,Lucia Murphy,07318084682
202593377,Tyler Mitchell,07368556373
202593464,Daisy Holmes,07369889948
202593557,Anna Brooks,07369005627
202593574,Miley Barnes,07330839669
202593958,Naomi Myers,07325265307
202594069,Chelsea Kelly,07342182087
202594547,Kellan Lloyd,07396435206
202594752,Fiona Warren,07381581943
202594793,Isabella Foster,07329293554
202595069,Martin Ferguson,07390478212
202595300,Valeria Tucker,07356164964
202595410,Alexia Rogers,07387041992
202595551,Eddy Montgomery,07317399234
202595564,Vivian Clark,07350797785
202595941,Kristian Kelly,07349545506
202596096,Jasmine Johnson,07362088811
202596265,Melissa Mitchell,07322316339
202597096,Julia Gray,07330406767
202597806,Alford Kelly,07372405461
202598344,Edith Evans,07321480218
202599011,Ryan Stevens,07316996457
202599426,Arthur Kelly,07377159167
202599644,Vivian Reed,07380890193
202599656,Ashton Moore,07353184379
202599658,Derek Henderson,07362167475
